,name,SLG,LGS,EGS,SLG_GAIN
0,Aaron Altherr,0.3413830954994512,0.4682926829268293,0.3045325779036827,0.16376010502314658
1,Aaron Hicks,0.35294117647058826,0.3737024221453287,0.3473389355742297,0.02636348657109905
2,Aaron Judge,0.46530920060331826,0.29277566539923955,0.5079962370649106,-0.21522057166567105
3,Aaron Nola,0.0641025641025641,0.0,0.0641025641025641,-0.0641025641025641
4,Aaron Sanchez,0.0,0.0,0.0,0.0
5,Aaron Wilkerson,0.0,0.0,0.0,0.0
6,Abiatal Avelino,0.2727272727272727,0.0,0.3,-0.3
7,Adalberto Mejia,0.0,0.0,0.0,0.0
8,Adalberto Mondesi,0.3379721669980119,0.33884297520661155,0.337696335078534,0.0011466401280775251
9,Adam Cimber,0.0,0.0,0.0,0.0
10,Adam Conley,0.10126582278481013,0.0,0.10126582278481013,-0.10126582278481013
11,Adam Duvall,0.39737470167064437,0.4088397790055249,0.3942161339421613,0.014623645063363555
12,Adam Engel,0.2582278481012658,0.32934131736526945,0.2391653290529695,0.09017598831229995
13,Adam Frazier,0.3518324607329843,0.3288888888888889,0.3589041095890411,-0.030015220700152223
14,Adam Liberatore,0.0,0.0,0.0,0.0
15,Adam Lind,0.4279835390946502,0.5287958115183246,0.39219330855018586,0.1366025029681387
16,Adam Morgan,0.1282051282051282,0.0,0.1282051282051282,-0.1282051282051282
17,Adam Plutko,0.0,0.0,0.0,0.0
18,Adam Rosales,0.3532423208191126,0.3581081081081081,0.3515981735159817,0.0065099345921263985
19,Adam Wainwright,0.3409090909090909,0.6,0.33070866141732286,0.2692913385826771
20,Adam Warren,0.0,0.0,0.0,0.0
21,Adam Wilk,0.0,0.0,0.0,0.0
22,Addison Russell,0.3392272429600524,0.30952380952380953,0.34760705289672544,-0.03808324337291591
23,Adeiny Hechavarria,0.29743164871582434,0.29328621908127206,0.2987012987012987,-0.0054150796200266305
24,Adolis Garcia,0.17647058823529413,0.42857142857142855,0.0,0.42857142857142855
25,Adonis Garcia,0.36947791164658633,0.44242424242424244,0.3487972508591065,0.09362699156513593
26,Albert Almora,0.37157894736842106,0.3346774193548387,0.38461538461538464,-0.04993796526054595
27,Albert Pujols,0.38674971687429216,0.4188034188034188,0.37879858657243815,0.04000483223098067
28,Alberto Rosario,0.20454545454545456,0.15789473684210525,0.24,-0.08210526315789474
29,Alcides Escobar,0.29776810016330973,0.31266149870801035,0.29379310344827586,0.018868395259734494
30,Alec Asher,0.08333333333333333,0.0,0.08333333333333333,-0.08333333333333333
31,Alec Mills,0.2,0.0,0.2,-0.2
32,Aledmys Diaz,0.41562759767248547,0.4474708171206226,0.4069767441860465,0.040494072934576075
33,Alen Hanson,0.3177892918825561,0.3375796178343949,0.3104265402843602,0.02715307755003471
34,Alex Avila,0.31812577065351416,0.26455026455026454,0.33440514469453375,-0.06985488014426922
35,Alex Blandino,0.2534246575342466,0.29545454545454547,0.23529411764705882,0.06016042780748665
36,Alex Bregman,0.4188861985472155,0.46647230320699706,0.40641711229946526,0.06005519090753181
37,Alex Cobb,0.07692307692307693,0.0,0.08333333333333333,-0.08333333333333333
38,Alex McRae,0.0,0.0,0.0,0.0
39,Alex Mejia,0.16,0.3333333333333333,0.0625,0.2708333333333333
40,Alex Meyer,0.5,0.0,0.5,-0.5
41,Alex Presley,0.3208020050125313,0.34375,0.31353135313531355,0.03021864686468645
42,Alex Verdugo,0.32432432432432434,0.34210526315789475,0.3150684931506849,0.02703677000720983
43,Alex Wood,0.07086614173228346,1.0,0.06349206349206349,0.9365079365079365
44,Alexei Ramirez,0.30177514792899407,0.2457627118644068,0.31876606683804626,-0.07300335497363947
45,Alexi Amarista,0.29878048780487804,0.23958333333333334,0.3232758620689655,-0.08369252873563218
46,Alfredo Simon,0.05263157894736842,0.0,0.05263157894736842,-0.05263157894736842
47,Allen Cordoba,0.23893805309734514,0.1875,0.25925925925925924,-0.07175925925925924
48,Amed Rosario,0.3169107856191744,0.33962264150943394,0.3108108108108108,0.028811830698623142
49,Amir Garrett,0.08,0.0,0.08695652173913043,-0.08695652173913043
50,Andre Ethier,0.4235294117647059,0.18181818181818182,0.5079365079365079,-0.3261183261183261
51,Andrelton Simmons,0.3558139534883721,0.29329608938547486,0.3722466960352423,-0.07895060664976744
52,Andres Blanco,0.31728045325779036,0.2746478873239437,0.3459715639810427,-0.07132367665709899
53,Andrew Albers,0.3333333333333333,0.0,0.3333333333333333,-0.3333333333333333
54,Andrew Benintendi,0.3788984737889847,0.309375,0.3976411120471778,-0.08826611204717777
55,Andrew Cashner,0.14,0.0,0.14285714285714285,-0.14285714285714285
56,Andrew Heaney,0.125,0.0,0.14285714285714285,-0.14285714285714285
57,Andrew Kittredge,0.0,0.0,0.0,0.0
58,Andrew Knapp,0.2765432098765432,0.34782608695652173,0.2482758620689655,0.09955022488755622
59,Andrew Lambo,0.0,0.0,0.0,0.0
60,Andrew McCutchen,0.3728897715988083,0.35844155844155845,0.37630448127685695,-0.0178629228352985
61,Andrew Romine,0.2626112759643917,0.24864864864864866,0.26789366053169733,-0.01924501188304867
62,Andrew Stevenson,0.23026315789473684,0.14893617021276595,0.26666666666666666,-0.11773049645390071
63,Andrew Suarez,0.058823529411764705,0.0,0.058823529411764705,-0.058823529411764705
64,Andrew Susac,0.22807017543859648,0.375,0.17073170731707318,0.20426829268292682
65,Andrew Toles,0.4109090909090909,0.4,0.415,-0.014999999999999958
66,Andrew Triggs,0.0,0.0,0.0,0.0
67,Andrew Velazquez,0.3333333333333333,0.0,0.5714285714285714,-0.5714285714285714
68,Andy Wilkins,0.25925925925925924,0.15384615384615385,0.35714285714285715,-0.2032967032967033
69,Anibal Sanchez,0.018867924528301886,0.0,0.018867924528301886,-0.018867924528301886
70,Anthony Alford,0.13793103448275862,0.0,0.17391304347826086,-0.17391304347826086
71,Anthony Banda,0.0,0.0,0.0,0.0
72,Anthony DeSclafani,0.16853932584269662,0.0,0.17045454545454544,-0.17045454545454544
73,Anthony Gose,0.24509803921568626,0.38095238095238093,0.20987654320987653,0.1710758377425044
74,Anthony Ranaudo,1.3333333333333333,0.0,1.3333333333333333,-1.3333333333333333
75,Anthony Recker,0.33613445378151263,0.28125,0.3563218390804598,-0.07507183908045978
76,Anthony Rendon,0.42864749733759316,0.3350125944584383,0.4537474679270763,-0.11873487346863804
77,Anthony Santander,0.2814814814814815,0.2702702702702703,0.2857142857142857,-0.015444015444015413
78,Antonio Bastardo,0.0,0.0,0.0,0.0
79,Antonio Senzatela,0.11764705882352941,0.0,0.11940298507462686,-0.11940298507462686
80,Aramis Garcia,0.47692307692307695,0.5882352941176471,0.4375,0.15073529411764708
81,Archie Bradley,0.07547169811320754,0.5,0.058823529411764705,0.4411764705882353
82,Ariel Jurado,0.0,0.0,0.0,0.0
83,Ariel Miranda,0.0,0.0,0.0,0.0
84,Arismendy Alcantara,0.2204724409448819,0.19148936170212766,0.2375,-0.04601063829787233
85,Aristides Aquino,0.0,0.0,0.0,0.0
86,Arquimedes Caminero,0.0,0.0,0.0,0.0
87,Asdrubal Cabrera,0.40954625810253387,0.35714285714285715,0.42316258351893093,-0.06601972637607378
88,Asher Wojciechowski,0.07142857142857142,0.0,0.07692307692307693,-0.07692307692307693
89,Austin Bibens-Dirkx,0.0,0.0,0.0,0.0
90,Austin Brice,0.0,0.0,0.0,0.0
91,Austin Dean,0.3333333333333333,0.25,0.34951456310679613,-0.09951456310679613
92,Austin Gomber,0.23809523809523808,0.0,0.23809523809523808,-0.23809523809523808
93,Austin Hays,0.30158730158730157,0.5714285714285714,0.22448979591836735,0.346938775510204
94,Austin Meadows,0.4021164021164021,0.4888888888888889,0.375,0.11388888888888887
95,Austin Pruitt,0.0,0.0,0.0,0.0
96,Austin Romine,0.3275862068965517,0.29012345679012347,0.3389513108614232,-0.04882785407129975
97,Austin Slater,0.2905982905982906,0.19101123595505617,0.3244274809160305,-0.13341624496097435
98,Austin Voth,0.0,0.0,0.0,0.0
99,Austin Wynns,0.3559322033898305,0.25,0.3888888888888889,-0.1388888888888889
100,Avisail Garcia,0.394356005788712,0.37966101694915255,0.3983440662373505,-0.018683049288197973
101,Barrett Astin,0.0,0.0,0.0,0.0
102,Bartolo Colon,0.11235955056179775,0.0,0.11235955056179775,-0.11235955056179775
103,Beau Taylor,0.3333333333333333,0.0,0.5,-0.5
104,Ben Gamel,0.3230088495575221,0.22535211267605634,0.35311143270622286,-0.12775932003016652
105,Ben Lively,0.36363636363636365,0.0,0.375,-0.375
106,Ben Meyer,0.0,0.0,0.0,0.0
107,Ben Paulsen,0.28865979381443296,0.42857142857142855,0.2318840579710145,0.19668737060041405
108,Ben Revere,0.26061493411420206,0.24324324324324326,0.26542056074766357,-0.022177317504420313
109,Ben Zobrist,0.33772935779816515,0.38461538461538464,0.3247988295537674,0.05981655506161726
110,Billy Butler,0.3795620437956204,0.3870967741935484,0.37735849056603776,0.009738283627510613
111,Blaine Boyer,0.0,0.0,0.0,0.0
112,Blake Lalli,0.23076923076923078,0.25,0.2222222222222222,0.02777777777777779
113,Blake Snell,0.0,0.0,0.0,0.0
114,Blake Swihart,0.2646048109965636,0.25301204819277107,0.2692307692307692,-0.01621872103799815
115,Blake Trahan,0.21428571428571427,0.25,0.2,0.04999999999999999
116,Blake Wood,0.0,0.0,0.0,0.0
117,Brad Hand,0.0,0.0,0.0,0.0
118,Brad Keller,0.3333333333333333,0.0,0.3333333333333333,-0.3333333333333333
119,Brad Peacock,0.3,0.0,0.3,-0.3
120,Braden Shipley,0.11428571428571428,0.0,0.11764705882352941,-0.11764705882352941
121,Bradley Zimmer,0.32727272727272727,0.3473684210526316,0.3217391304347826,0.02562929061784902
122,Brandon Barnes,0.2595419847328244,0.1836734693877551,0.3048780487804878,-0.12120457939273269
123,Brandon Belt,0.3579617834394904,0.3457142857142857,0.3614754098360656,-0.01576112412177988
124,Brandon Crawford,0.3475336322869955,0.3118811881188119,0.35797101449275365,-0.04608982637394177
125,Brandon Dixon,0.3387096774193548,0.3877551020408163,0.30666666666666664,0.08108843537414967
126,Brandon Drury,0.39716981132075474,0.3724696356275304,0.4046740467404674,-0.03220441111293704
127,Brandon Finnegan,0.10810810810810811,0.0,0.1111111111111111,-0.1111111111111111
128,Brandon Guyer,0.31794871794871793,0.23157894736842105,0.34576271186440677,-0.11418376449598572
129,Brandon Kintzler,0.0,0.0,0.0,0.0
130,Brandon McCarthy,0.08450704225352113,0.0,0.08450704225352113,-0.08450704225352113
131,Brandon Morrow,0.0,0.0,0.0,0.0
132,Brandon Nimmo,0.3365617433414044,0.3333333333333333,0.3375594294770206,-0.004226096143687297
133,Brandon Phillips,0.38436213991769547,0.34297520661157027,0.394655704008222,-0.0516804973966517
134,Brandon Woodruff,0.44,0.0,0.44,-0.44
135,Braxton Lee,0.23076923076923078,0.25,0.2222222222222222,0.02777777777777779
136,Brayan Pena,0.21428571428571427,0.0,0.42857142857142855,-0.42857142857142855
137,Brent Suter,0.22641509433962265,0.0,0.22641509433962265,-0.22641509433962265
138,Brett Cecil,0.0,0.0,0.0,0.0
139,Brett Eibner,0.3073770491803279,0.19402985074626866,0.3502824858757062,-0.15625263512943754
140,Brett Gardner,0.3058350100603622,0.33248081841432225,0.29931120851596743,0.033169609898354824
141,Brett Graves,0.0,0.0,0.0,0.0
142,Brett Lawrie,0.3776041666666667,0.27586206896551724,0.4074074074074074,-0.13154533844189015
143,Brett Nicholas,0.42727272727272725,0.3103448275862069,0.4691358024691358,-0.15879097488292887
144,Brett Oberholtzer,0.14285714285714285,0.0,0.14285714285714285,-0.14285714285714285
145,Brett Phillips,0.29218106995884774,0.13333333333333333,0.3442622950819672,-0.21092896174863388
146,Breyvic Valera,0.1744186046511628,0.1111111111111111,0.19117647058823528,-0.08006535947712418
147,Brian Dozier,0.4061734443900049,0.33505154639175255,0.42286751361161523,-0.08781596721986268
148,Brian Duensing,0.0,0.0,0.0,0.0
149,Brian Ellington,0.0,0.0,0.0,0.0
150,Brian McCann,0.3430034129692833,0.3024193548387097,0.3538961038961039,-0.05147674905739419
151,Brock Holt,0.3251121076233184,0.36792452830188677,0.31176470588235294,0.05615982241953382
152,Brock Stassi,0.2222222222222222,0.35714285714285715,0.16129032258064516,0.195852534562212
153,Bronson Arroyo,0.13793103448275862,0.0,0.14285714285714285,-0.14285714285714285
154,Bryan Holaday,0.26959247648902823,0.23655913978494625,0.2831858407079646,-0.04662670092301835
155,Bryan Mitchell,0.10526315789473684,0.0,0.11764705882352941,-0.11764705882352941
156,Bryce Brentz,0.359375,0.3076923076923077,0.37254901960784315,-0.06485671191553544
157,Bryce Harper,0.40919037199124725,0.3838120104438642,0.415916955017301,-0.03210494457343682
158,Bryse Wilson,0.0,0.0,0.0,0.0
159,Bud Norris,0.13157894736842105,0.0,0.13513513513513514,-0.13513513513513514
160,Buddy Baumann,0.0,0.0,0.0,0.0
161,Buster Posey,0.37323511356660527,0.3011049723756906,0.39384372533543804,-0.09273875295974743
162,Byron Buxton,0.3225806451612903,0.24083769633507854,0.34370771312584575,-0.10287001679076721
163,CC Sabathia,0.0,0.0,0.0,0.0
164,Caleb Ferguson,0.2,0.0,0.3333333333333333,-0.3333333333333333
165,Caleb Joseph,0.30307467057101023,0.37410071942446044,0.2849264705882353,0.08917424883622516
166,Cam Gallagher,0.3020833333333333,0.15,0.34210526315789475,-0.19210526315789475
167,Cameron Maybin,0.3082583810302535,0.23741007194244604,0.3291005291005291,-0.09169045715808308
168,Cameron Perkins,0.24742268041237114,0.35714285714285715,0.2028985507246377,0.15424430641821946
169,Cameron Rupp,0.393048128342246,0.42011834319526625,0.385146804835924,0.03497153835934225
170,Carl Crawford,0.1839080459770115,0.11538461538461539,0.21311475409836064,-0.09773013871374525
171,Carl Edwards Jr.,0.0,0.0,0.0,0.0
172,Carlos Asuaje,0.2817391304347826,0.21774193548387097,0.29933481152993346,-0.0815928760460625
173,Carlos Correa,0.4,0.37971014492753624,0.4051470588235294,-0.025436913895993174
174,Carlos Frias,0.0,0.0,0.0,0.0
175,Carlos Moncrief,0.20930232558139536,0.15384615384615385,0.23333333333333334,-0.07948717948717948
176,Carlos Rodon,0.3,0.0,0.3,-0.3
177,Carlos Tocci,0.21374045801526717,0.11764705882352941,0.24742268041237114,-0.12977562158884173
178,Carlos Villanueva,0.0,0.0,0.0,0.0
179,Carson Kelly,0.16793893129770993,0.21739130434782608,0.1411764705882353,0.07621483375959079
180,Casey Lawrence,0.0,0.0,0.0,0.0
181,Casey McGehee,0.22916666666666666,0.18181818181818182,0.24324324324324326,-0.061425061425061434
182,Casey Sadler,0.0,0.0,0.0,0.0
183,Cedric Hunter,0.16666666666666666,0.0,0.21428571428571427,-0.21428571428571427
184,Cedric Mullins,0.3193717277486911,0.4358974358974359,0.2894736842105263,0.14642375168690958
185,Cesar Puello,0.1794871794871795,0.16666666666666666,0.18181818181818182,-0.015151515151515166
186,Cesar Vargas,0.0,0.0,0.0,0.0
187,Chad Bettis,0.05357142857142857,0.0,0.05357142857142857,-0.05357142857142857
188,Chad Huffman,0.2,0.25,0.18181818181818182,0.06818181818181818
189,Chad Kuhl,0.11428571428571428,0.0,0.11764705882352941,-0.11764705882352941
190,Chad Pinder,0.3919308357348703,0.3067484662576687,0.4180790960451977,-0.111330629787529
191,Chad Sobotka,1.0,1.0,0.0,1.0
192,Chad Wallach,0.25,0.07142857142857142,0.3157894736842105,-0.24436090225563908
193,Chance Sisco,0.27941176470588236,0.26153846153846155,0.28776978417266186,-0.026231322634200305
194,Charlie Blackmon,0.4517692680562288,0.39617486338797814,0.4637595757218621,-0.06758471233388397
195,Charlie Tilson,0.23577235772357724,0.13333333333333333,0.26881720430107525,-0.13548387096774192
196,Chase Headley,0.3316624895572264,0.36046511627906974,0.32374866879659214,0.0367164474824776
197,Chase Utley,0.30789245446660884,0.23412698412698413,0.32852386237513875,-0.09439687824815463
198,Chase d'Arnaud,0.28841607565011823,0.2644628099173554,0.2980132450331126,-0.03355043511575723
199,Chasen Shreve,0.0,0.0,0.0,0.0
200,Cheslor Cuthbert,0.3471502590673575,0.29069767441860467,0.36333333333333334,-0.07263565891472867
201,Chris Archer,0.15151515151515152,0.0,0.15151515151515152,-0.15151515151515152
202,Chris Capuano,0.0,0.0,0.0,0.0
203,Chris Coghlan,0.24433249370277077,0.17582417582417584,0.2647058823529412,-0.08888170652876534
204,Chris Colabello,0.0625,0.14285714285714285,0.04,0.10285714285714284
205,Chris Devenski,0.0,0.0,0.0,0.0
206,Chris Flexen,0.21428571428571427,0.0,0.21428571428571427,-0.21428571428571427
207,Chris Heisey,0.33472803347280333,0.42391304347826086,0.2789115646258503,0.14500147885241055
208,Chris Herrmann,0.3235294117647059,0.31756756756756754,0.3259668508287293,-0.008399283261161739
209,Chris Iannetta,0.3366045142296369,0.3247863247863248,0.3401273885350318,-0.015341063748707029
210,Chris Marrero,0.1951219512195122,0.0,0.24242424242424243,-0.24242424242424243
211,Chris Narveson,0.0,0.0,0.0,0.0
212,Chris O'Grady,0.0,0.0,0.0,0.0
213,Chris Owings,0.33651344319167387,0.2885375494071146,0.35,-0.061462450592885354
214,Chris Parmelee,1.375,0.0,1.5714285714285714,-1.5714285714285714
215,Chris Rusin,0.1956521739130435,0.0,0.1956521739130435,-0.1956521739130435
216,Chris Sale,0.2727272727272727,2.0,0.1,1.9
217,Chris Tillman,0.0,0.0,0.0,0.0
218,Christian Arroyo,0.28865979381443296,0.28888888888888886,0.28859060402684567,0.0002982848620431966
219,Christian Bergman,0.3333333333333333,0.0,0.4,-0.4
220,Christian Bethancourt,0.33962264150943394,0.1896551724137931,0.3961038961038961,-0.20644872369010303
221,Christian Colon,0.23963133640552994,0.36538461538461536,0.2,0.16538461538461535
222,Christian Friedrich,0.046511627906976744,0.0,0.046511627906976744,-0.046511627906976744
223,Christian Villanueva,0.441747572815534,0.4606741573033708,0.43653250773993807,0.024141649563432732
224,Christian Walker,0.42857142857142855,0.3333333333333333,0.46938775510204084,-0.13605442176870752
225,Christian Yelich,0.42084562438544737,0.38902743142144636,0.4286589099816289,-0.039631478560182565
226,Christin Stewart,0.3055555555555556,0.06666666666666667,0.3684210526315789,-0.3017543859649123
227,Christopher Bostick,0.28,0.35714285714285715,0.25,0.10714285714285715
228,Clay Buchholz,0.07142857142857142,0.0,0.07317073170731707,-0.07317073170731707
229,Clay Holmes,0.0,0.0,0.0,0.0
230,Clayton Kershaw,0.17525773195876287,0.0,0.1827956989247312,-0.1827956989247312
231,Clayton Richard,0.14492753623188406,0.0,0.14705882352941177,-0.14705882352941177
232,Cliff Pennington,0.25968109339407747,0.2204724409448819,0.27564102564102566,-0.055168584696143774
233,Clint Frazier,0.32608695652173914,0.3333333333333333,0.32432432432432434,0.009009009009008973
234,Clint Robinson,0.29955947136563876,0.3037974683544304,0.2972972972972973,0.006500171057133075
235,Coco Crisp,0.33586337760910817,0.34285714285714286,0.3341232227488152,0.008733920108327686
236,Cody Asche,0.28214285714285714,0.2222222222222222,0.29646017699115046,-0.07423795476892825
237,Cody Bellinger,0.4263322884012539,0.5365853658536586,0.3943377148634985,0.14224765099016007
238,Cody Ege,1.0,0.0,1.0,-1.0
239,Colby Rasmus,0.3525423728813559,0.3873239436619718,0.34151785714285715,0.045806086519114664
240,Cole Figueroa,0.14814814814814814,0.09090909090909091,0.1875,-0.09659090909090909
241,Cole Gillespie,0.23636363636363636,0.2916666666666667,0.1935483870967742,0.0981182795698925
242,Cole Hamels,0.18421052631578946,0.0,0.19444444444444445,-0.19444444444444445
243,Colin Rea,0.10256410256410256,0.0,0.10810810810810811,-0.10810810810810811
244,Collin Cowgill,0.07142857142857142,0.25,0.0,0.25
245,Collin McHugh,0.0,0.0,0.0,0.0
246,Colton Murray,0.0,0.0,0.0,0.0
247,Conor Gillaspie,0.33762057877813506,0.3592233009708738,0.3269230769230769,0.032300224047796866
248,Corban Joseph,0.25,0.125,0.3333333333333333,-0.20833333333333331
249,Corbin Burnes,0.0,0.0,0.0,0.0
250,Corey Dickerson,0.4255444379046498,0.37900874635568516,0.43731563421828906,-0.05830688786260391
251,Corey Kluber,0.25,0.0,0.25,-0.25
252,Corey Oswalt,0.0,0.0,0.0,0.0
253,Corey Seager,0.42045454545454547,0.37748344370860926,0.43132328308207707,-0.05383983937346781
254,Cory Gearrin,0.3333333333333333,0.5,0.0,0.5
255,Cory Spangenberg,0.3213872832369942,0.3287037037037037,0.3189522342064715,0.009751469497232212
256,Craig Gentry,0.2795031055900621,0.3103448275862069,0.2680851063829787,0.042259721203228184
257,Craig Stammen,0.5,0.0,0.5,-0.5
258,Cristhian Adames,0.21851851851851853,0.27472527472527475,0.18994413407821228,0.08478114064706246
259,Curt Casali,0.338785046728972,0.23853211009174313,0.3730407523510972,-0.13450864225935405
260,Curtis Granderson,0.3630050505050505,0.3993993993993994,0.3533173461231015,0.046082053276297885
261,DJ LeMahieu,0.37035096909376636,0.3785310734463277,0.3684887459807074,0.010042327465620282
262,DJ Stewart,0.46808510638297873,0.75,0.37142857142857144,0.37857142857142856
263,Dae-ho Lee,0.3943217665615142,0.31343283582089554,0.416,-0.10256716417910444
264,Dakota Hudson,0.0,0.0,0.0,0.0
265,Dallas Keuchel,0.0,0.0,0.0,0.0
266,Dalton Pompey,0.15384615384615385,0.0,0.2857142857142857,-0.2857142857142857
267,Dan Butler,0.14285714285714285,0.0,0.14285714285714285,-0.14285714285714285
268,Dan Straily,0.06976744186046512,0.0,0.07142857142857142,-0.07142857142857142
269,Dan Winkler,0.0,0.0,0.0,0.0
270,Daniel Corcino,0.0,0.0,0.0,0.0
271,Daniel Descalso,0.33035714285714285,0.3489208633093525,0.32422802850356297,0.024692834805789543
272,Daniel Gossett,0.14285714285714285,0.0,0.14285714285714285,-0.14285714285714285
273,Daniel Mengden,0.15384615384615385,0.0,0.18181818181818182,-0.18181818181818182
274,Daniel Nava,0.3076923076923077,0.3269230769230769,0.3,0.02692307692307694
275,Daniel Norris,0.0,0.0,0.0,0.0
276,Daniel Palka,0.4327354260089686,0.46938775510204084,0.4224137931034483,0.04697396199859255
277,Danny Duffy,0.2,0.0,0.2222222222222222,-0.2222222222222222
278,Danny Espinosa,0.2955288985823337,0.2647058823529412,0.30434782608695654,-0.03964194373401536
279,Danny Jansen,0.3684210526315789,0.375,0.36619718309859156,0.008802816901408439
280,Danny Ortiz,0.07692307692307693,0.0,0.1111111111111111,-0.1111111111111111
281,Danny Santana,0.2888402625820569,0.2826086956521739,0.29153605015673983,-0.008927354504565943
282,Danny Valencia,0.37191358024691357,0.4244604316546763,0.3575638506876228,0.06689658096705348
283,Danny Worth,0.225,0.09090909090909091,0.27586206896551724,-0.18495297805642633
284,Dansby Swanson,0.3157010915197313,0.303886925795053,0.31938325991189426,-0.01549633411684126
285,Dariel Alvarez,0.5,0.0,0.5,-0.5
286,Darin Mastroianni,0.0,0.0,0.0,0.0
287,Darin Ruf,0.3146067415730337,0.07407407407407407,0.41935483870967744,-0.34528076463560337
288,Darnell Sweeney,0.0,0.0,0.0,0.0
289,Darrell Ceciliani,0.3235294117647059,0.0,0.4230769230769231,-0.4230769230769231
290,Darwin Barney,0.3055555555555556,0.28378378378378377,0.31156716417910446,-0.02778338039532069
291,David Bote,0.323943661971831,0.4807692307692308,0.2732919254658385,0.20747730530339226
292,David Dahl,0.4296724470134875,0.27419354838709675,0.47848101265822784,-0.2042874642711311
293,David Fletcher,0.31493506493506496,0.20634920634920634,0.34285714285714286,-0.13650793650793652
294,David Freitas,0.2845528455284553,0.21052631578947367,0.2980769230769231,-0.0875506072874494
295,David Hess,0.0,0.0,0.0,0.0
296,David Lough,0.22784810126582278,0.2,0.24074074074074073,-0.040740740740740716
297,David Peralta,0.4053857350800582,0.38275862068965516,0.4114391143911439,-0.02868049370148873
298,David Phelps,0.14285714285714285,0.0,0.14285714285714285,-0.14285714285714285
299,Dawel Lugo,0.25742574257425743,0.30434782608695654,0.24358974358974358,0.060758082497212956
300,Dean Kiekhefer,0.0,0.0,0.0,0.0
301,Deck McGuire,0.16666666666666666,1.0,0.0,1.0
302,Dee Gordon,0.2934648581997534,0.28792569659442724,0.29484218629715164,-0.006916489702724404
303,Dellin Betances,0.0,0.0,0.0,0.0
304,Denard Span,0.3345132743362832,0.35561497326203206,0.3285389856169568,0.02707598764507524
305,Dennis Santana,1.0,0.0,1.0,-1.0
306,Dereck Rodriguez,0.10256410256410256,0.0,0.10526315789473684,-0.10526315789473684
307,Derek Dietrich,0.3475783475783476,0.323943661971831,0.3535714285714286,-0.029627766599597594
308,Derek Holland,0.10526315789473684,0.0,0.10526315789473684,-0.10526315789473684
309,Derek Law,0.5,0.0,0.5,-0.5
310,Derek Norris,0.3095599393019727,0.3263888888888889,0.3048543689320388,0.021534519956850073
311,Desmond Jennings,0.29646017699115046,0.4166666666666667,0.2640449438202247,0.152621722846442
312,Destin Hood,0.4,0.14285714285714285,0.5,-0.35714285714285715
313,Deven Marrero,0.24305555555555555,0.22857142857142856,0.24770642201834864,-0.019134993446920073
314,Devin Mesoraco,0.3184584178498986,0.41935483870967744,0.2845528455284553,0.13480199318122216
315,Devon Travis,0.38735177865612647,0.3212669683257919,0.40581542351453853,-0.08454845518874665
316,Dexter Fowler,0.33007676203768316,0.2791519434628975,0.3426086956521739,-0.06345675218927638
317,Didi Gregorius,0.4214046822742475,0.3835616438356164,0.4310706787963611,-0.047509034960744656
318,Dietrich Enns,0.5,0.0,0.5,-0.5
319,Dillon Gee,0.0,0.0,0.0,0.0
320,Dillon Overton,0.0,0.0,0.0,0.0
321,Dillon Peters,0.05,0.0,0.05,-0.05
322,Dilson Herrera,0.3711340206185567,0.44,0.3472222222222222,0.09277777777777779
323,Dinelson Lamet,0.07894736842105263,0.0,0.07894736842105263,-0.07894736842105263
324,Dioner Navarro,0.2789317507418398,0.2345679012345679,0.29296875,-0.05840084876543211
325,Dixon Machado,0.25118483412322273,0.2962962962962963,0.2356687898089172,0.06062750648737908
326,Domingo German,0.0,0.0,0.0,0.0
327,Don Kelly,0.06666666666666667,0.0,0.09090909090909091,-0.09090909090909091
328,Donnie Hart,0.0,0.0,0.0,0.0
329,Donovan Solano,0.43478260869565216,1.0,0.23529411764705882,0.7647058823529411
330,Doug Fister,0.1111111111111111,0.0,0.1111111111111111,-0.1111111111111111
331,Drew Butera,0.3094262295081967,0.2677165354330709,0.32409972299168976,-0.056383187558618875
332,Drew Gagnon,0.0,0.0,0.0,0.0
333,Drew Hutchison,0.16666666666666666,0.0,0.16666666666666666,-0.16666666666666666
334,Drew Pomeranz,0.21052631578947367,0.0,0.21052631578947367,-0.21052631578947367
335,Drew Robinson,0.32510288065843623,0.46153846153846156,0.2752808988764045,0.18625756266205706
336,Drew Rucinski,0.0,0.0,0.0,0.0
337,Drew Smyly,0.0,0.0,0.0,0.0
338,Drew Storen,0.0,0.0,0.0,0.0
339,Drew Stubbs,0.2457627118644068,0.2727272727272727,0.23529411764705882,0.03743315508021389
340,Drew VerHagen,0.0,0.0,0.0,0.0
341,Duane Underwood Jr.,0.0,0.0,0.0,0.0
342,Dustin Ackley,0.12857142857142856,0.14285714285714285,0.125,0.01785714285714285
343,Dustin Fowler,0.3054187192118227,0.4888888888888889,0.25316455696202533,0.23572433192686354
344,Dustin Garneau,0.2975609756097561,0.25,0.31210191082802546,-0.062101910828025464
345,Dustin McGowan,0.0,0.0,0.0,0.0
346,Dustin Pedroia,0.3704318936877076,0.32608695652173914,0.3809034907597536,-0.05481653423801447
347,Dustin Peterson,0.0,0.0,0.0,0.0
348,Dusty Coleman,0.4225352112676056,0.5384615384615384,0.39655172413793105,0.14190981432360739
349,Dylan Bundy,0.125,0.0,0.125,-0.125
350,Dylan Covey,0.0,0.0,0.0,0.0
351,Dylan Cozens,0.25,0.4,0.1724137931034483,0.22758620689655173
352,Dylan Floro,0.0,0.0,0.0,0.0
353,Eddie Butler,0.05128205128205128,0.0,0.05128205128205128,-0.05128205128205128
354,Eddie Rosario,0.4389763779527559,0.42105263157894735,0.443796835970025,-0.02274420439107766
355,Edinson Volquez,0.14285714285714285,0.0,0.14705882352941177,-0.14705882352941177
356,Edmundo Sosa,0.0,0.0,0.0,0.0
357,Eduardo Escobar,0.38235294117647056,0.3867069486404834,0.3811158798283262,0.005591068812157207
358,Edubray Ramos,0.0,0.0,0.0,0.0
359,Edwin Encarnacion,0.4246369554331497,0.44080604534005036,0.420625,0.02018104534005033
360,Edwin Escobar,0.0,0.0,0.0,0.0
361,Edwin Jackson,0.16,0.0,0.16,-0.16
362,Efren Navarro,0.28378378378378377,0.23809523809523808,0.3018867924528302,-0.0637915543575921
363,Ehire Adrianza,0.3284789644012945,0.23026315789473684,0.3605150214592275,-0.13025186356449064
364,Elieser Hernandez,0.0,0.0,0.0,0.0
365,Elvis Andrus,0.37032640949554896,0.32926829268292684,0.3802505526897568,-0.05098226000682998
366,Emilio Bonifacio,0.14772727272727273,0.19444444444444445,0.11538461538461539,0.07905982905982906
367,Emilio Pagan,0.0,0.0,0.0,0.0
368,Emmanuel Burriss,0.1,0.2,0.03333333333333333,0.16666666666666669
369,Ender Inciarte,0.32753326509723646,0.2860635696821516,0.3385113268608414,-0.052447757178689824
370,Engelb Vielma,0.125,0.0,0.14285714285714285,-0.14285714285714285
371,Enny Romero,1.0,2.0,0.0,2.0
372,Eric Fryer,0.2222222222222222,0.2727272727272727,0.2,0.0727272727272727
373,Eric Haase,0.11764705882352941,0.125,0.1111111111111111,0.013888888888888895
374,Eric Hosmer,0.39597989949748746,0.4295942720763723,0.3870146403564608,0.04257963171991147
375,Eric Lauer,0.08108108108108109,0.0,0.08108108108108109,-0.08108108108108109
376,Eric Skoglund,0.0,0.0,0.0,0.0
377,Eric Sogard,0.26485148514851486,0.2376237623762376,0.2739273927392739,-0.0363036303630363
378,Eric Thames,0.4176904176904177,0.34375,0.43577981651376146,-0.09202981651376146
379,Erick Aybar,0.2898550724637681,0.2617801047120419,0.29827315541601257,-0.036493050703970686
380,Erick Fedde,0.045454545454545456,0.0,0.045454545454545456,-0.045454545454545456
381,Erik Gonzalez,0.3574007220216607,0.38823529411764707,0.34375,0.04448529411764707
382,Erik Kratz,0.2904191616766467,0.3,0.2874015748031496,0.012598425196850394
383,Ervin Santana,0.1875,0.0,0.2,-0.2
384,Eugenio Suarez,0.3950350782514841,0.39331619537275064,0.39549180327868855,-0.002175607905937904
385,Evan Gattis,0.4274750575594781,0.3979591836734694,0.4360753221010902,-0.038116138427620794
386,Evan Longoria,0.4075268817204301,0.38950276243093923,0.41188251001335113,-0.022379747582411902
387,Ezequiel Carrera,0.3244047619047619,0.375,0.3096153846153846,0.06538461538461537
388,Felix Pena,0.0,0.0,0.0,0.0
389,Fernando Abad,0.0,0.0,0.0,0.0
390,Fernando Romero,0.0,0.0,0.0,0.0
391,Fernando Salas,0.3333333333333333,0.0,1.0,-1.0
392,Franchy Cordero,0.3464566929133858,0.16666666666666666,0.3883495145631068,-0.22168284789644013
393,Francisco Arcia,0.41509433962264153,0.5454545454545454,0.38095238095238093,0.16450216450216448
394,Francisco Cervelli,0.2965328467153285,0.3053097345132743,0.2942528735632184,0.011056860950055925
395,Francisco Lindor,0.42728500675371456,0.4492753623188406,0.4222468179302712,0.027028544388569387
396,Francisco Liriano,0.36363636363636365,0.0,0.38095238095238093,-0.38095238095238093
397,Frankie Montas,0.0,0.0,0.0,0.0
398,Franklin Barreto,0.36423841059602646,0.475,0.32432432432432434,0.15067567567567564
399,Franklin Gutierrez,0.37752161383285304,0.2361111111111111,0.41454545454545455,-0.17843434343434345
400,Franmil Reyes,0.4529616724738676,0.4230769230769231,0.4595744680851064,-0.03649754500818331
401,Freddie Freeman,0.45905969360802956,0.4176904176904177,0.47039030955585465,-0.05269989186543694
402,Freddy Galvis,0.33367875647668394,0.3107476635514019,0.3402130492676431,-0.029465385716241244
403,Freddy Peralta,0.03571428571428571,0.0,0.03571428571428571,-0.03571428571428571
404,Gabriel Guerrero,0.3333333333333333,1.0,0.14285714285714285,0.8571428571428572
405,Gabriel Ynoa,0.0,0.0,0.0,0.0
406,Garrett Cooper,0.32894736842105265,0.26666666666666666,0.3442622950819672,-0.07759562841530054
407,Garrett Hampson,0.2653061224489796,0.35294117647058826,0.21875,0.13419117647058826
408,Gavin Cecchini,0.2840909090909091,0.20833333333333334,0.3125,-0.10416666666666666
409,Gavin Floyd,0.0,0.0,0.0,0.0
410,George Kontos,0.0,0.0,0.0,0.0
411,George Springer,0.4112903225806452,0.3560606060606061,0.42406542056074764,-0.06800481450014156
412,Geovany Soto,0.41044776119402987,0.5161290322580645,0.3786407766990291,0.13748825555903538
413,Gerardo Parra,0.36930455635491605,0.3049645390070922,0.38802889576883387,-0.08306435676174168
414,German Marquez,0.24,0.0,0.24,-0.24
415,Gerrit Cole,0.20833333333333334,0.0,0.21367521367521367,-0.21367521367521367
416,Giancarlo Stanton,0.4737124463519313,0.4258241758241758,0.48533333333333334,-0.05950915750915753
417,Gift Ngoepe,0.17721518987341772,0.16666666666666666,0.18181818181818182,-0.015151515151515166
418,Gio Gonzalez,0.10362694300518134,0.0,0.10471204188481675,-0.10471204188481675
419,Gio Urshela,0.27232142857142855,0.2,0.29310344827586204,-0.09310344827586203
420,Giovanny Gallegos,0.0,0.0,0.0,0.0
421,Gleyber Torres,0.4168336673346693,0.4017857142857143,0.42118863049095606,-0.01940291620524176
422,Gonzalez Germen,0.0,0.0,0.0,0.0
423,Gordon Beckham,0.27011494252873564,0.25,0.27734375,-0.02734375
424,Gorkys Hernandez,0.32558139534883723,0.19090909090909092,0.371875,-0.1809659090909091
425,Grant Dayton,0.0,0.0,0.0,0.0
426,Grant Green,0.32075471698113206,0.38461538461538464,0.3,0.08461538461538465
427,Grayson Greiner,0.23275862068965517,0.2,0.24175824175824176,-0.04175824175824175
428,Greg Allen,0.283987915407855,0.23333333333333334,0.3029045643153527,-0.06957123098201934
429,Greg Bird,0.3464419475655431,0.319672131147541,0.35436893203883496,-0.034696800891293955
430,Gregor Blanco,0.24865591397849462,0.22631578947368422,0.2563176895306859,-0.03000190005700168
431,Gregorio Petit,0.29310344827586204,0.19117647058823528,0.32432432432432434,-0.13314785373608906
432,Gregory Polanco,0.3848684210526316,0.30254777070063693,0.40630182421227196,-0.10375405351163502
433,Guillermo Heredia,0.2952710495963091,0.3191489361702128,0.28865979381443296,0.03048914235577982
434,Hank Conger,0.2753623188405797,0.2777777777777778,0.27450980392156865,0.0032679738562091387
435,Hanley Ramirez,0.413391557496361,0.34285714285714286,0.43144424131627057,-0.08858709845912771
436,Hansel Robles,0.0,0.0,0.0,0.0
437,Hanser Alberto,0.18181818181818182,0.17857142857142858,0.18333333333333332,-0.004761904761904745
438,Harold Castro,0.3,0.4,0.2,0.2
439,Harrison Bader,0.36046511627906974,0.288,0.3836317135549872,-0.09563171355498723
440,Harrison Musgrave,0.0,0.0,0.0,0.0
441,Heath Fillmyer,0.4,0.0,0.4,-0.4
442,Heath Hembree,0.0,0.0,0.0,0.0
443,Hector Neris,0.0,0.0,0.0,0.0
444,Hector Olivera,0.23809523809523808,0.25,0.23529411764705882,0.01470588235294118
445,Hector Rondon,0.3333333333333333,0.0,0.5,-0.5
446,Henderson Alvarez III,0.0,0.0,0.0,0.0
447,Hernan Iribarren,0.24444444444444444,0.16666666666666666,0.2727272727272727,-0.10606060606060605
448,Hernan Perez,0.3687196110210697,0.26174496644295303,0.4027777777777778,-0.14103281133482476
449,Hisashi Iwakuma,0.0,0.0,0.0,0.0
450,Hoby Milner,0.0,0.0,0.0,0.0
451,Homer Bailey,0.15384615384615385,0.0,0.15384615384615385,-0.15384615384615385
452,Howie Kendrick,0.3633776091081594,0.34801762114537443,0.3675937122128174,-0.019576091067442958
453,Hunter Dozier,0.33170731707317075,0.3626373626373626,0.322884012539185,0.03975335009817765
454,Hunter Pence,0.3419147224456959,0.28052805280528054,0.3617021276595745,-0.08117407485429395
455,Hunter Renfroe,0.45675105485232065,0.48372093023255813,0.4488403819918145,0.03488054824074366
456,Hyun-Jin Ryu,0.20270270270270271,0.0,0.20833333333333334,-0.20833333333333334
457,Ian Desmond,0.35634218289085545,0.3303303303303303,0.36270190895741555,-0.03237157862708523
458,Ian Happ,0.3811188811188811,0.36180904522613067,0.38694992412746587,-0.025140878901335206
459,Ian Kennedy,0.2222222222222222,0.0,0.2222222222222222,-0.2222222222222222
460,Ian Kinsler,0.37600860677783754,0.34911242603550297,0.3819855358316897,-0.03287310979618674
461,Ian Krol,0.0,0.0,0.0,0.0
462,Ian Parmley,0.0,0.0,0.0,0.0
463,Ichiro Suzuki,0.2903225806451613,0.3502824858757062,0.26636568848758463,0.08391679738812158
464,Ildemaro Vargas,0.36363636363636365,0.14285714285714285,0.5263157894736842,-0.38345864661654133
465,Isiah Kiner-Falefa,0.30632911392405066,0.31868131868131866,0.3026315789473684,0.01604973973395024
466,Ivan Nova,0.034722222222222224,0.0,0.03546099290780142,-0.03546099290780142
467,JB Shuck,0.23036649214659685,0.27102803738317754,0.21454545454545454,0.056482582837723005
468,JT Riddle,0.3159722222222222,0.2978723404255319,0.3218390804597701,-0.02396674003423821
469,JaCoby Jones,0.2777777777777778,0.26573426573426573,0.2811881188118812,-0.015453853077615487
470,Jabari Blash,0.25846153846153846,0.2564102564102564,0.2591093117408907,-0.0026990553306343035
471,Jace Peterson,0.2764976958525346,0.34545454545454546,0.25308641975308643,0.09236812570145903
472,Jack Reinheimer,0.125,0.1111111111111111,0.13636363636363635,-0.02525252525252525
473,Jackie Bradley Jr.,0.36015756893640966,0.2911392405063291,0.37988422575976843,-0.08874498525343932
474,Jackson Stephens,0.2222222222222222,0.0,0.2222222222222222,-0.2222222222222222
475,Jacob Barnes,0.0,0.0,0.0,0.0
476,Jacob Hannemann,0.3,0.125,0.4166666666666667,-0.2916666666666667
477,Jacob Nix,0.0,0.0,0.0,0.0
478,Jacob Nottingham,0.2,0.0,0.2631578947368421,-0.2631578947368421
479,Jacob Rhame,0.0,0.0,0.0,0.0
480,Jacob Stallings,0.3055555555555556,0.4090909090909091,0.26,0.1490909090909091
481,Jacob deGrom,0.18592964824120603,0.0,0.19680851063829788,-0.19680851063829788
482,Jacoby Ellsbury,0.30754536771728747,0.24413145539906103,0.3237410071942446,-0.07960955179518356
483,Jae-gyun Hwang,0.21052631578947367,0.2,0.2127659574468085,-0.012765957446808501
484,Jaff Decker,0.15966386554621848,0.11764705882352941,0.17647058823529413,-0.05882352941176472
485,Jaime Barria,0.0,0.0,0.0,0.0
486,Jake Arrieta,0.24870466321243523,0.0,0.2553191489361702,-0.2553191489361702
487,Jake Bauers,0.30412371134020616,0.4268292682926829,0.27124183006535946,0.15558743822732346
488,Jake Buchanan,0.25,0.0,0.25,-0.25
489,Jake Cave,0.4169381107491857,0.31746031746031744,0.4426229508196721,-0.12516263335935468
490,Jake Elmore,0.1919191919191919,0.10714285714285714,0.22535211267605634,-0.1182092555331992
491,Jake Esch,0.2,0.0,0.2,-0.2
492,Jake Lamb,0.3844049247606019,0.38368580060422963,0.38461538461538464,-0.0009295840111550047
493,Jake Marisnick,0.35,0.3269230769230769,0.3581081081081081,-0.031185031185031187
494,Jake Odorizzi,0.125,0.0,0.13333333333333333,-0.13333333333333333
495,Jake Peavy,0.16129032258064516,0.0,0.16129032258064516,-0.16129032258064516
496,Jake Petricka,0.0,0.0,0.0,0.0
497,Jake Smolinski,0.2772020725388601,0.21428571428571427,0.2986111111111111,-0.08432539682539683
498,Jakob Junis,0.0,0.0,0.0,0.0
499,Jalen Beeks,0.0,0.0,0.0,0.0
500,James Beresford,0.25,0.16666666666666666,0.2777777777777778,-0.11111111111111113
501,James Hoyt,0.0,0.0,0.0,0.0
502,James Loney,0.36141304347826086,0.44155844155844154,0.3402061855670103,0.10135225599143122
503,James Norwood,0.0,0.0,0.0,0.0
504,James Paxton,0.0,0.0,0.0,0.0
505,Jameson Taillon,0.0979020979020979,0.0,0.09859154929577464,-0.09859154929577464
506,Jared Hoying,0.2677165354330709,0.14893617021276595,0.3375,-0.18856382978723407
507,Jared Hughes,0.0,0.0,0.0,0.0
508,Jarlin Garcia,0.0,0.0,0.0,0.0
509,Jarred Cosart,0.08333333333333333,0.0,0.08333333333333333,-0.08333333333333333
510,Jarrett Parker,0.3363914373088685,0.40625,0.3193916349809886,0.0868583650190114
511,Jarrod Dyson,0.2617801047120419,0.25471698113207547,0.26379542395693134,-0.00907844282485587
512,Jarrod Saltalamacchia,0.254601226993865,0.23529411764705882,0.26141078838174275,-0.026116670734683933
513,Jason Castro,0.3091334894613583,0.25,0.32448377581120946,-0.07448377581120946
514,Jason Coats,0.29310344827586204,0.2857142857142857,0.29545454545454547,-0.009740259740259771
515,Jason Hammel,0.2345679012345679,0.25,0.23376623376623376,0.01623376623376624
516,Jason Heyward,0.30265596046942556,0.32011331444759206,0.29778830963665087,0.022325004810941185
517,Jason Kipnis,0.3686319404693761,0.3878787878787879,0.3641496118560339,0.023729176022753984
518,Jason Vargas,0.14285714285714285,0.0,0.14705882352941177,-0.14705882352941177
519,Javier Baez,0.4398563734290844,0.44559585492227977,0.43813229571984436,0.00746355920243541
520,Jay Bruce,0.41529709228824274,0.4041916167664671,0.4182692307692308,-0.014077614002763694
521,Jaycob Brugman,0.30246913580246915,0.10810810810810811,0.36,-0.2518918918918919
522,Jayson Aquino,0.0,0.0,0.0,0.0
523,Jayson Werth,0.351380042462845,0.4476744186046512,0.32987012987012987,0.11780428873452131
524,Jean Machi,0.0,0.0,0.0,0.0
525,Jean Segura,0.3963963963963964,0.3463687150837989,0.408109875735775,-0.0617411606519761
526,Jed Lowrie,0.3626112759643917,0.40540540540540543,0.3505703422053232,0.054835063200082246
527,Jedd Gyorko,0.4025679758308157,0.42671009771986973,0.3952802359882006,0.03142986173166912
528,Jeff Brigham,0.25,0.0,0.25,-0.25
529,Jeff Francoeur,0.3413897280966767,0.19811320754716982,0.4088888888888889,-0.2107756813417191
530,Jeff Locke,0.08,0.3333333333333333,0.06382978723404255,0.2695035460992908
531,Jeff Mathis,0.26523297491039427,0.28703703703703703,0.26,0.027037037037037026
532,Jeff McNeil,0.3562753036437247,0.2222222222222222,0.39378238341968913,-0.17156016119746692
533,Jeff Samardzija,0.18243243243243243,0.0,0.1888111888111888,-0.1888111888111888
534,Jefry Marte,0.36477987421383645,0.21621621621621623,0.4098360655737705,-0.19361984935755427
535,Jefry Rodriguez,0.2222222222222222,0.0,0.2222222222222222,-0.2222222222222222
536,Jeimer Candelario,0.33376623376623377,0.30625,0.34098360655737703,-0.034733606557377006
537,Jemile Weeks,0.12280701754385964,0.0,0.14,-0.14
538,Jen-Ho Tseng,0.0,0.0,0.0,0.0
539,Jerad Eickhoff,0.17525773195876287,0.0,0.17525773195876287,-0.17525773195876287
540,Jered Weaver,0.0,0.0,0.0,0.0
541,Jeremy Hazelbaker,0.392226148409894,0.40229885057471265,0.3877551020408163,0.014543748533896339
542,Jeremy Hellickson,0.11428571428571428,0.0,0.11428571428571428,-0.11428571428571428
543,Jeremy Jeffress,0.0,0.0,0.0,0.0
544,Jerome Williams,0.0,0.0,0.0,0.0
545,Jerry Blevins,0.3333333333333333,0.5,0.0,0.5
546,Jerry Sands,0.27586206896551724,0.13333333333333333,0.32558139534883723,-0.1922480620155039
547,Jesen Therrien,0.0,0.0,0.0,0.0
548,Jesmuel Valentin,0.23595505617977527,0.20588235294117646,0.2545454545454545,-0.04866310160427806
549,Jesse Biddle,1.0,1.0,0.0,1.0
550,Jesse Chavez,0.0,0.0,0.0,0.0
551,Jesse Hahn,0.0,0.0,0.0,0.0
552,Jesse Winker,0.39956331877729256,0.4117647058823529,0.3960674157303371,0.01569729015201582
553,Jesus Aguilar,0.4531590413943355,0.41333333333333333,0.4660894660894661,-0.05275613275613278
554,Jesus Sucre,0.32211538461538464,0.31958762886597936,0.322884012539185,-0.003296383673205616
555,Jett Bandy,0.32238193018480493,0.2830188679245283,0.3333333333333333,-0.05031446540880502
556,Jeurys Familia,0.0,0.0,0.0,0.0
557,Jhan Marinez,0.2222222222222222,0.5,0.0,0.5
558,Jharel Cotton,0.0,0.0,0.0,0.0
559,Jhonny Peralta,0.33962264150943394,0.40476190476190477,0.3205574912891986,0.08420441347270619
560,Jhoulys Chacin,0.19014084507042253,0.0,0.19148936170212766,-0.19148936170212766
561,Ji-Man Choi,0.3814713896457766,0.22972972972972974,0.4197952218430034,-0.19006549211327364
562,Jimmy Paredes,0.34523809523809523,0.52,0.2711864406779661,0.24881355932203392
563,Jimmy Yacabonis,0.0,0.0,0.0,0.0
564,Joc Pederson,0.4132047477744807,0.25878594249201275,0.4599033816425121,-0.20111743915049934
565,Joe Biagini,0.0,0.0,0.0,0.0
566,Joe Blanton,0.0,0.0,0.0,0.0
567,Joe Mauer,0.33705226071638283,0.27522935779816515,0.35174418604651164,-0.07651482824834649
568,Joe Musgrove,0.14634146341463414,0.0,0.14634146341463414,-0.14634146341463414
569,Joe Panik,0.31409395973154364,0.26548672566371684,0.32841007819287577,-0.06292335252915893
570,Joel Peralta,0.0,0.0,0.0,0.0
571,Joely Rodriguez,0.0,0.0,0.0,0.0
572,Joey Gallo,0.4261565836298932,0.2992125984251969,0.4632183908045977,-0.16400579237940083
573,Joey Lucchesi,0.05405405405405406,0.0,0.05405405405405406,-0.05405405405405406
574,Joey Rickard,0.34430379746835443,0.38421052631578945,0.33166666666666667,0.05254385964912278
575,Joey Votto,0.417342799188641,0.3779527559055118,0.42677561282212445,-0.048822856916612645
576,Joey Wendle,0.3532110091743119,0.375,0.3474903474903475,0.027509652509652482
577,Johan Camargo,0.3939393939393939,0.41397849462365593,0.38778877887788776,0.026189715745768172
578,John Andreoli,0.23880597014925373,0.5833333333333334,0.16363636363636364,0.41969696969696973
579,John Bormann,0.0,0.0,0.0,0.0
580,John Brebbia,0.0,0.0,0.0,0.0
581,John Gant,0.1702127659574468,0.0,0.17391304347826086,-0.17391304347826086
582,John Jaso,0.3424283765347885,0.3076923076923077,0.35181975736568455,-0.04412744967337684
583,Johnny Barbato,0.0,0.0,0.0,0.0
584,Johnny Cueto,0.08,0.5,0.07432432432432433,0.42567567567567566
585,Johnny Field,0.3803418803418803,0.5087719298245614,0.3389830508474576,0.16978887897710382
586,Johnny Giavotella,0.3386243386243386,0.35555555555555557,0.3333333333333333,0.022222222222222254
587,Jon Berti,0.26666666666666666,0.5,0.23076923076923078,0.2692307692307692
588,Jon Jay,0.3049645390070922,0.29449838187702265,0.3079019073569482,-0.013403525479925571
589,Jon Lester,0.1559633027522936,0.0,0.16113744075829384,-0.16113744075829384
590,Jon Moscot,0.0,0.0,0.0,0.0
591,Jonathan Lucroy,0.3496973772696705,0.28353658536585363,0.3684210526315789,-0.0848844672657253
592,Jonathan Schoop,0.42825848849945236,0.3582474226804124,0.4471488178025035,-0.08890139512209111
593,Jonathan Villar,0.35797905113986445,0.32666666666666666,0.36507936507936506,-0.0384126984126984
594,Jordan Luplow,0.26842105263157895,0.42857142857142855,0.22297297297297297,0.20559845559845558
595,Jordan Lyles,0.07142857142857142,0.0,0.075,-0.075
596,Jordan Patterson,0.47368421052631576,0.3333333333333333,0.6,-0.26666666666666666
597,Jordan Zimmermann,0.15384615384615385,0.0,0.15384615384615385,-0.15384615384615385
598,Jordy Mercer,0.3333333333333333,0.31976744186046513,0.3371996685998343,-0.017432226739369172
599,Jorge Alfaro,0.3822937625754527,0.25833333333333336,0.4217506631299735,-0.16341732979664014
600,Jorge Bonifacio,0.34971098265895956,0.21333333333333335,0.3874538745387454,-0.17412054120541207
601,Jorge Polanco,0.3509991311902693,0.2749003984063745,0.37222222222222223,-0.09732182381584775
602,Jorge Soler,0.3561430793157076,0.3893129770992366,0.34765625,0.04165672709923662
603,Jose Berrios,0.2,0.0,0.2,-0.2
604,Jose Iglesias,0.32991101984941823,0.28353658536585363,0.3433362753751103,-0.05979969000925667
605,Jose Osuna,0.3609467455621302,0.25252525252525254,0.40585774058577406,-0.15333248806052152
606,Jose Pirela,0.3424170616113744,0.2786885245901639,0.3600605143721634,-0.0813719897819995
607,Jose Quintana,0.07216494845360824,0.0,0.07291666666666667,-0.07291666666666667
608,Jose Trevino,0.25,0.5,0.16666666666666666,0.33333333333333337
609,Josh Collmenter,0.0,0.0,0.0,0.0
610,Josh Donaldson,0.4414600550964187,0.422680412371134,0.446167097329888,-0.023486684958754
611,Josh Hader,0.14285714285714285,0.0,0.14285714285714285,-0.14285714285714285
612,Josh Harrison,0.3435754189944134,0.3191489361702128,0.34956521739130436,-0.03041628122109158
613,Josh Lindblom,0.0,0.0,0.0,0.0
614,Josh Phegley,0.3162393162393162,0.3770491803278688,0.30344827586206896,0.07360090446579987
615,Josh Ravin,0.0,0.0,0.0,0.0
616,Josh Reddick,0.36323436512950097,0.40061162079510704,0.3535031847133758,0.047108436081731264
617,Josh Rutledge,0.25142857142857145,0.2765957446808511,0.2421875,0.034408244680851074
618,Josh Smoker,0.0,0.0,0.0,0.0
619,Josh Thole,0.19117647058823528,0.15625,0.20192307692307693,-0.04567307692307693
620,Josh Tomlin,0.26666666666666666,0.0,0.2857142857142857,-0.2857142857142857
621,Josmil Pinto,0.0,0.0,0.0,0.0
622,Juan Graterol,0.25892857142857145,0.35,0.2391304347826087,0.11086956521739127
623,Juan Lagares,0.3095723014256619,0.3669064748201439,0.2869318181818182,0.0799746566383257
624,Juan Nicasio,0.14285714285714285,0.0,0.15,-0.15
625,Julio Borbon,0.26666666666666666,0.0,0.3333333333333333,-0.3333333333333333
626,Julio Teheran,0.15675675675675677,0.4,0.15,0.25
627,Julio Urias,0.11428571428571428,0.0,0.11764705882352941,-0.11764705882352941
628,Jumbo Diaz,0.0,0.0,0.0,0.0
629,Junichi Tazawa,0.0,0.0,0.0,0.0
630,Juniel Querecuto,0.0,0.0,0.0,0.0
631,Junior Guerra,0.16666666666666666,0.0,0.16831683168316833,-0.16831683168316833
632,Junior Lake,0.325,0.5,0.26666666666666666,0.23333333333333334
633,Jurickson Profar,0.32646755921730175,0.26666666666666666,0.3445040214477212,-0.07783735478105452
634,Justin Bour,0.4061990212071778,0.26666666666666666,0.44016227180527384,-0.17349560513860718
635,Justin Grimm,0.0,0.0,0.0,0.0
636,Justin Morneau,0.3853211009174312,0.24,0.42857142857142855,-0.18857142857142856
637,Justin Nicolino,0.05405405405405406,0.0,0.05555555555555555,-0.05555555555555555
638,Justin Ruggiano,0.39325842696629215,0.20833333333333334,0.46153846153846156,-0.2532051282051282
639,Justin Smoak,0.40705128205128205,0.5,0.3803630363036304,0.11963696369636961
640,Justin Upton,0.4303388918773534,0.4155124653739612,0.43391188251001334,-0.018399417136052143
641,Justin Verlander,0.15,0.0,0.15,-0.15
642,Kaleb Cowart,0.25076452599388377,0.16883116883116883,0.276,-0.10716883116883119
643,Kazuhisa Makita,0.0,0.0,0.0,0.0
644,Kelby Tomlinson,0.24346076458752516,0.296551724137931,0.2215909090909091,0.07496081504702193
645,Kendall Graveman,0.0,0.0,0.0,0.0
646,Kendry Flores,0.0,0.0,0.0,0.0
647,Kendrys Morales,0.40828402366863903,0.3952254641909814,0.412033511043412,-0.01680804685243059
648,Kenley Jansen,0.42857142857142855,0.42857142857142855,0.0,0.42857142857142855
649,Kennys Vargas,0.41402714932126694,0.38095238095238093,0.42433234421364985,-0.04337996326126892
650,Kenta Maeda,0.1390728476821192,0.0,0.14285714285714285,-0.14285714285714285
651,Keon Broxton,0.3475,0.2677595628415301,0.3711507293354943,-0.10339116649396424
652,Ketel Marte,0.31800766283524906,0.31683168316831684,0.3183632734530938,-0.0015315902847769514
653,Keury Mella,0.0,0.0,0.0,0.0
654,Kevan Smith,0.3493975903614458,0.1875,0.3963730569948187,-0.20887305699481867
655,Kevin Gausman,0.03333333333333333,0.0,0.03333333333333333,-0.03333333333333333
656,Kevin Kaczmarski,0.0,0.0,0.0,0.0
657,Kevin Kiermaier,0.336127409891031,0.27467811158798283,0.35104166666666664,-0.07636355507868381
658,Kevin Newman,0.21875,0.2916666666666667,0.19444444444444445,0.09722222222222224
659,Kevin Pillar,0.3619047619047619,0.3768844221105528,0.357606344628695,0.01927807748185778
660,Kevin Plawecki,0.28677839851024206,0.2,0.31887755102040816,-0.11887755102040815
661,Kevin Quackenbush,0.0,0.0,0.0,0.0
662,Kevin Shackelford,0.25,0.0,0.25,-0.25
663,Keyvius Sampson,0.0,0.0,0.0,0.0
664,Khris Davis,0.46740273396424814,0.43855421686746987,0.4754539340954943,-0.03689971722802443
665,Kirby Yates,0.0,0.0,0.0,0.0
666,Kirk Nieuwenhuis,0.31220657276995306,0.33663366336633666,0.3046153846153846,0.032018278750952034
667,Kolby Allard,0.3333333333333333,0.0,0.3333333333333333,-0.3333333333333333
668,Kole Calhoun,0.3396023643202579,0.2997275204359673,0.3493975903614458,-0.04967006992547851
669,Kolten Wong,0.3080895008605852,0.25,0.32723112128146453,-0.07723112128146453
670,Kris Bryant,0.4252092050209205,0.3617021276595745,0.4407552083333333,-0.07905308067375882
671,Kris Medlen,0.0,0.0,0.0,0.0
672,Kristopher Negron,0.234375,0.1875,0.25,-0.0625
673,Kurt Suzuki,0.4098972922502334,0.37109375,0.42208588957055215,-0.05099213957055215
674,Kyle Barraclough,0.0,0.0,0.0,0.0
675,Kyle Farmer,0.2653061224489796,0.36585365853658536,0.19298245614035087,0.1728712023962345
676,Kyle Freeland,0.15503875968992248,0.0,0.15503875968992248,-0.15503875968992248
677,Kyle Higashioka,0.23232323232323232,0.16666666666666666,0.24691358024691357,-0.08024691358024691
678,Kyle Kendrick,0.0,0.0,0.0,0.0
679,Kyle Lloyd,0.0,0.0,0.0,0.0
680,Kyle Lobstein,0.0,0.0,0.0,0.0
681,Kyle McGowin,0.0,0.0,0.0,0.0
682,Kyle McGrath,0.0,0.0,0.0,0.0
683,Kyle Schwarber,0.3833167825223436,0.23655913978494625,0.4165651644336175,-0.18000602464867127
684,Kyle Seager,0.3993823983530623,0.4,0.3992146596858639,0.0007853403141361293
685,Lance Lynn,0.09230769230769231,0.0,0.09375,-0.09375
686,Lane Adams,0.37333333333333335,0.21568627450980393,0.45454545454545453,-0.2388591800356506
687,Leonys Martin,0.32209737827715357,0.28879310344827586,0.33133971291866027,-0.04254660947038441
688,Leury Garcia,0.33692307692307694,0.30935251798561153,0.34442270058708413,-0.0350701826014726
689,Lewis Brinson,0.27045454545454545,0.3229166666666667,0.2558139534883721,0.06710271317829458
690,Lisalverto Bonilla,0.125,0.0,0.125,-0.125
691,Logan Forsythe,0.31159917638984214,0.313588850174216,0.3111111111111111,0.002477739063104889
692,Logan Morrison,0.38764880952380953,0.2896551724137931,0.4146110056925996,-0.1249558332788065
693,Logan Schafer,0.22972972972972974,0.125,0.25862068965517243,-0.13362068965517243
694,Logan Verrett,0.09090909090909091,0.0,0.09090909090909091,-0.09090909090909091
695,Lonnie Chisenhall,0.3837772397094431,0.3027027027027027,0.40717628705148207,-0.10447358434877935
696,Lorenzo Cain,0.3588269120184014,0.3653250773993808,0.3573446327683616,0.007980444631019212
697,Lourdes Gurriel Jr.,0.42366412213740456,0.4426229508196721,0.417910447761194,0.024712503058478108
698,Lucas Duda,0.39450441609421,0.3125,0.4176100628930818,-0.10511006289308178
699,Lucas Giolito,0.08333333333333333,0.0,0.08333333333333333,-0.08333333333333333
700,Lucas Harrell,0.0,0.0,0.0,0.0
701,Lucas Sims,0.05,0.0,0.05,-0.05
702,Luis Avilan,0.0,0.0,0.0,0.0
703,Luis Cessa,0.0,0.0,0.0,0.0
704,Luis Guillorme,0.21621621621621623,0.20833333333333334,0.22,-0.011666666666666659
705,Luis Sardinas,0.27205882352941174,0.25,0.28,-0.030000000000000027
706,Luis Torrens,0.16176470588235295,0.07894736842105263,0.19387755102040816,-0.11493018259935553
707,Luis Urias,0.32075471698113206,0.5454545454545454,0.2619047619047619,0.2835497835497835
708,Luis Valbuena,0.3621197252208047,0.29004329004329005,0.383248730964467,-0.09320544092117694
709,Luiz Gohara,0.0,0.0,0.0,0.0
710,Luke Farrell,0.0,0.0,0.0,0.0
711,Luke Maile,0.29243353783231085,0.2672413793103448,0.3002680965147453,-0.03302671720440048
712,Luke Voit,0.48366013071895425,0.3333333333333333,0.5324675324675324,-0.1991341991341991
713,Luke Weaver,0.17073170731707318,0.0,0.17073170731707318,-0.17073170731707318
714,Mac Williamson,0.3562091503267974,0.4393939393939394,0.3333333333333333,0.10606060606060608
715,Madison Bumgarner,0.3027027027027027,0.2222222222222222,0.3068181818181818,-0.08459595959595961
716,Magneuris Sierra,0.22727272727272727,0.19298245614035087,0.2392638036809816,-0.046281347540630735
717,Maikel Franco,0.3961267605633803,0.381201044386423,0.40045420136260407,-0.019253156976181074
718,Mallex Smith,0.28735632183908044,0.30042918454935624,0.2836004932182491,0.01682869133110715
719,Manny Machado,0.46099953292853807,0.39400921658986177,0.4780316344463972,-0.08402241785653541
720,Manny Pina,0.36666666666666664,0.32460732984293195,0.38030560271646857,-0.055698272873536625
721,Manuel Margot,0.32429906542056075,0.25688073394495414,0.3415492957746479,-0.08466856182969373
722,Marcell Ozuna,0.4254201680672269,0.28940568475452194,0.46011865524060647,-0.17071297048608453
723,Marcus Semien,0.35764705882352943,0.3259668508287293,0.3662182361733931,-0.040251385344663826
724,Marcus Stroman,0.4375,1.0,0.35714285714285715,0.6428571428571428
725,Mark Canha,0.3765625,0.3466666666666667,0.38571428571428573,-0.03904761904761905
726,Mark Teixeira,0.319634703196347,0.36,0.3076923076923077,0.05230769230769228
727,Mark Trumbo,0.4277845777233782,0.3772455089820359,0.44076923076923075,-0.06352372178719484
728,Mark Zagunis,0.125,0.0,0.16666666666666666,-0.16666666666666666
729,Marlon Byrd,0.40310077519379844,0.32142857142857145,0.42574257425742573,-0.10431400282885428
730,Martin Maldonado,0.3129370629370629,0.38362068965517243,0.2949561403508772,0.08866454930429524
731,Martin Prado,0.3454724409448819,0.2512820512820513,0.36784409257003653,-0.11656204128798525
732,Marwin Gonzalez,0.3895870736086176,0.3712737127371274,0.39477726574500765,-0.023503553007880262
733,Mason Williams,0.329608938547486,0.2826086956521739,0.3458646616541353,-0.06325596600196143
734,Mat Latos,0.5,0.0,0.5,-0.5
735,Matt Adams,0.44793713163064836,0.4716981132075472,0.4395750332005312,0.03212308000701597
736,Matt Albers,2.0,2.0,0.0,2.0
737,Matt Andriese,0.0,0.0,0.0,0.0
738,Matt Belisle,0.0,0.0,0.0,0.0
739,Matt Bowman,0.0,0.0,0.0,0.0
740,Matt Buschmann,0.0,0.0,0.0,0.0
741,Matt Cain,0.20967741935483872,0.0,0.20967741935483872,-0.20967741935483872
742,Matt Dominguez,0.0,0.0,0.0,0.0
743,Matt Garza,0.05714285714285714,0.0,0.05714285714285714,-0.05714285714285714
744,Matt Grace,0.125,0.0,0.125,-0.125
745,Matt Holliday,0.3870967741935484,0.36627906976744184,0.391820580474934,-0.025541510707492165
746,Matt Magill,0.0,0.0,0.0,0.0
747,Matt McBride,0.2727272727272727,0.0,0.375,-0.375
748,Matt Skole,0.46153846153846156,0.0,0.5454545454545454,-0.5454545454545454
749,Matt Strahm,0.0,0.0,0.0,0.0
750,Matt Szczur,0.29423076923076924,0.20496894409937888,0.3342618384401114,-0.12929289434073254
751,Matt Tuiasosopo,0.0,0.0,0.0,0.0
752,Matt Wieters,0.3338842975206612,0.3333333333333333,0.3340402969247084,-0.0007069635913750649
753,Matt Wisler,0.1076923076923077,0.0,0.11290322580645161,-0.11290322580645161
754,Matthew Joyce,0.37009345794392523,0.4074074074074074,0.3591293833131802,0.04827802409422721
755,Max Fried,0.058823529411764705,0.0,0.058823529411764705,-0.058823529411764705
756,Max Kepler,0.35392217418159355,0.33242506811989103,0.36022364217252395,-0.02779857405263292
757,Max Moroff,0.27403846153846156,0.3333333333333333,0.24647887323943662,0.08685446009389669
758,Max Muncy,0.40746268656716417,0.35664335664335667,0.42125237191650855,-0.06460901527315188
759,Max Scherzer,0.1908713692946058,0.1111111111111111,0.1939655172413793,-0.0828544061302682
760,Max Stassi,0.3310580204778157,0.38028169014084506,0.3153153153153153,0.06496637482552975
761,Meibrys Viloria,0.3103448275862069,0.4444444444444444,0.25,0.19444444444444442
762,Melky Cabrera,0.38451935081148564,0.36129032258064514,0.39009287925696595,-0.028802556676320812
763,Merandy Gonzalez,0.25,1.0,0.0,1.0
764,Michael Blazek,0.0,0.0,0.0,0.0
765,Michael Bourn,0.2911694510739857,0.2358490566037736,0.30990415335463256,-0.07405509675085897
766,Michael Brantley,0.39402427637721754,0.41414141414141414,0.38946162657502864,0.024679787566385503
767,Michael Conforto,0.4007067137809187,0.31715210355987056,0.4240506329113924,-0.10689852935152183
768,Michael Fulmer,0.0,0.0,0.0,0.0
769,Michael Hermosillo,0.3064516129032258,0.3076923076923077,0.30612244897959184,0.0015698587127158659
770,Michael Lorenzen,0.6078431372549019,0.08333333333333333,0.7692307692307693,-0.6858974358974359
771,Michael McKenry,0.0,0.0,0.0,0.0
772,Michael Pineda,0.2,0.0,0.2,-0.2
773,Michael Saunders,0.3768472906403941,0.40641711229946526,0.368,0.03841711229946526
774,Michael Tonkin,0.0,0.0,0.0,0.0
775,Michael Wacha,0.03816793893129771,1.0,0.03076923076923077,0.9692307692307692
776,Miguel Andujar,0.48562300319488816,0.4666666666666667,0.4908350305498982,-0.024168363883231514
777,Miguel Sano,0.4028436018957346,0.3667953667953668,0.41211519364448856,-0.04531982684912178
778,Miguel Socolovich,0.0,0.0,0.0,0.0
779,Mike Bolsinger,0.0,0.0,0.0,0.0
780,Mike Broadway,0.0,0.0,0.0,0.0
781,Mike Clevinger,0.0,0.0,0.0,0.0
782,Mike Fiers,0.0,0.0,0.0,0.0
783,Mike Foltynewicz,0.07643312101910828,0.0,0.07692307692307693,-0.07692307692307693
784,Mike Freeman,0.18888888888888888,0.17142857142857143,0.2,-0.02857142857142858
785,Mike Gerber,0.10638297872340426,0.375,0.05128205128205128,0.32371794871794873
786,Mike Leake,0.14912280701754385,0.0,0.15178571428571427,-0.15178571428571427
787,Mike Marjama,0.40625,0.6666666666666666,0.30434782608695654,0.3623188405797101
788,Mike Mayers,0.0,0.0,0.0,0.0
789,Mike Minor,0.6666666666666666,0.0,0.6666666666666666,-0.6666666666666666
790,Mike Moustakas,0.4434719183078045,0.4586206896551724,0.43940795559666973,0.019212734058502656
791,Mike Ohlman,0.23076923076923078,0.25,0.2222222222222222,0.02777777777777779
792,Mike Soroka,0.125,0.0,0.125,-0.125
793,Mike Tauchman,0.13432835820895522,0.0,0.2,-0.2
794,Mike Trout,0.462952326249282,0.4,0.4782298358315489,-0.07822983583154886
795,Mike Zunino,0.41375968992248063,0.3788546255506608,0.4236024844720497,-0.04474785892138888
796,Mikie Mahtook,0.32521315468940315,0.3727810650887574,0.3128834355828221,0.0598976295059353
797,Miles Mikolas,0.22535211267605634,0.0,0.2318840579710145,-0.2318840579710145
798,Mitch Garver,0.32642487046632124,0.35789473684210527,0.3161512027491409,0.041743534092964385
799,Mitch Haniger,0.4042904290429043,0.3770491803278688,0.41115702479338845,-0.03410784446551962
800,Mitch Moreland,0.38270820089001906,0.3133514986376022,0.40381426202321724,-0.09046276338561504
801,Mitch Walding,0.21052631578947367,0.4,0.0,0.4
802,Moises Sierra,0.18333333333333332,0.1111111111111111,0.21428571428571427,-0.10317460317460317
803,Mookie Betts,0.45694117647058824,0.4080188679245283,0.4691358024691358,-0.06111693454460748
804,Munenori Kawasaki,0.34615384615384615,0.4166666666666667,0.2857142857142857,0.130952380952381
805,Mychal Givens,0.0,0.0,0.0,0.0
806,Myles Straw,0.6,0.0,0.8571428571428571,-0.8571428571428571
807,Nate Karns,0.0,0.0,0.0,0.0
808,Nate Orf,0.2,0.0,0.2777777777777778,-0.2777777777777778
809,Nathan Eovaldi,0.05263157894736842,0.0,0.0625,-0.0625
810,Neil Ramirez,0.0,0.0,0.0,0.0
811,Neil Walker,0.366306027820711,0.4,0.35700197238658776,0.04299802761341226
812,Nick Ahmed,0.32495164410058025,0.34959349593495936,0.31725888324873097,0.03233461268622839
813,Nick Buss,0.2777777777777778,0.38095238095238093,0.2463768115942029,0.13457556935817802
814,Nick Ciuffo,0.25,0.16666666666666666,0.2631578947368421,-0.09649122807017543
815,Nick Franklin,0.32063492063492066,0.20253164556962025,0.3601694915254237,-0.15763784595580346
816,Nick Hundley,0.38327904451682954,0.3445378151260504,0.3967789165446559,-0.052241101418605496
817,Nick Kingham,0.12,0.0,0.12,-0.12
818,Nick Markakis,0.3534861043393467,0.31390134529147984,0.3644859813084112,-0.05058463601693136
819,Nick Martini,0.3021978021978022,0.34285714285714286,0.2925170068027211,0.05034013605442178
820,Nick Noonan,0.15,0.2,0.13333333333333333,0.06666666666666668
821,Nick Pivetta,0.08791208791208792,0.0,0.08791208791208792,-0.08791208791208792
822,Nick Tepesch,0.0,0.0,0.0,0.0
823,Nick Tropeano,0.0,0.0,0.0,0.0
824,Nick Wittgren,0.0,0.0,0.0,0.0
825,Nik Turley,0.0,0.0,0.0,0.0
826,Niko Goodrum,0.3614931237721022,0.33043478260869563,0.37055837563451777,-0.040123593025822135
827,Noah Syndergaard,0.25190839694656486,0.0,0.2619047619047619,-0.2619047619047619
828,Noel Cuevas,0.28289473684210525,0.2571428571428571,0.2905982905982906,-0.0334554334554335
829,Nolan Arenado,0.48579823702252695,0.37092731829573933,0.5136944613511869,-0.14276714305544758
830,Nolan Fontana,0.22857142857142856,0.3333333333333333,0.17391304347826086,0.15942028985507245
831,Nolan Reimold,0.31140350877192985,0.2857142857142857,0.31976744186046513,-0.03405315614617943
832,Nomar Mazara,0.3747072599531616,0.3502994011976048,0.38064046579330424,-0.030341064595699463
833,Nori Aoki,0.3281807372175981,0.2261904761904762,0.3536404160475483,-0.12744993985707212
834,O'Koyea Dickson,0.125,0.0,0.3333333333333333,-0.3333333333333333
835,Odrisamer Despaigne,0.13043478260869565,0.0,0.13043478260869565,-0.13043478260869565
836,Odubel Herrera,0.37410071942446044,0.31070496083550914,0.39115168539325845,-0.08044672455774932
837,Oliver Drake,0.0,0.0,0.0,0.0
838,Oliver Perez,1.0,0.0,1.5,-1.5
839,Omar Infante,0.2684563758389262,0.21875,0.28205128205128205,-0.06330128205128205
840,Omar Narvaez,0.3228882833787466,0.23295454545454544,0.35125448028673834,-0.1182999348321929
841,Orlando Arcia,0.33797909407665505,0.2637795275590551,0.35906040268456374,-0.09528087512550865
842,Orlando Calixte,0.14545454545454545,0.21428571428571427,0.12195121951219512,0.09233449477351915
843,Oswaldo Arcia,0.31981981981981983,0.24489795918367346,0.34104046242774566,-0.0961425032440722
844,Ozzie Albies,0.38387096774193546,0.3197969543147208,0.40109140518417463,-0.0812944508694538
845,Pablo Sandoval,0.34953271028037386,0.3125,0.36117936117936117,-0.04867936117936117
846,Paolo Espino,0.2,0.0,0.2,-0.2
847,Pat Valaika,0.3954154727793696,0.3884297520661157,0.3991228070175439,-0.010693054951428194
848,Patrick Corbin,0.19148936170212766,0.16666666666666666,0.19230769230769232,-0.02564102564102566
849,Patrick Kivlehan,0.3153526970954357,0.2608695652173913,0.348993288590604,-0.08812372337321273
850,Patrick Wisdom,0.4482758620689655,0.44,0.45454545454545453,-0.014545454545454528
851,Paul Blackburn,0.0,0.0,0.0,0.0
852,Paul DeJong,0.4370932754880694,0.5,0.41876750700280113,0.08123249299719887
853,Paul Goldschmidt,0.4357843137254902,0.4233576642335766,0.4389195825659914,-0.01556191833241477
854,Paul Janish,0.14285714285714285,0.16666666666666666,0.13725490196078433,0.02941176470588233
855,Paul Sewald,0.0,0.0,0.0,0.0
856,Paulo Orlando,0.3273001508295626,0.30864197530864196,0.3333333333333333,-0.024691358024691357
857,Pedro Florimon,0.3422818791946309,0.36363636363636365,0.32978723404255317,0.03384912959381048
858,Pedro Severino,0.2535211267605634,0.16129032258064516,0.27927927927927926,-0.1179889566986341
859,Pedro Strop,0.0,0.0,0.0,0.0
860,Pete Kozma,0.23387096774193547,0.12903225806451613,0.26881720430107525,-0.13978494623655913
861,Peter Bourjos,0.30393700787401573,0.3105590062111801,0.30168776371308015,0.008871242498099952
862,Peter O'Brien,0.425531914893617,0.45454545454545453,0.4166666666666667,0.037878787878787845
863,Phil Ervin,0.36038961038961037,0.24675324675324675,0.39826839826839827,-0.15151515151515152
864,Phil Hughes,0.0,0.0,0.0,0.0
865,Phil Klein,0.0,0.0,0.0,0.0
866,Phillip Evans,0.24193548387096775,0.6,0.1276595744680851,0.4723404255319149
867,Pierce Johnson,0.0,0.0,0.0,0.0
868,Prince Fielder,0.2945945945945946,0.1917808219178082,0.31986531986531985,-0.12808449794751164
869,Quintin Berry,0.0,0.0,0.0,0.0
870,Rafael Bautista,0.12121212121212122,0.0,0.18181818181818182,-0.18181818181818182
871,Rafael Devers,0.4214659685863874,0.3391812865497076,0.4451939291736931,-0.10601264262398552
872,Rafael Montero,0.06060606060606061,0.0,0.0625,-0.0625
873,Rafael Ynoa,0.0,0.0,0.0,0.0
874,Raimel Tapia,0.3416666666666667,0.2894736842105263,0.36585365853658536,-0.07637997432605903
875,Raisel Iglesias,0.2,0.25,0.18181818181818182,0.06818181818181818
876,Rajai Davis,0.3047016274864376,0.29961089494163423,0.30624263839811544,-0.0066317434564812094
877,Ramon Cabrera,0.32972972972972975,0.22413793103448276,0.3779527559055118,-0.15381482487102904
878,Ramon Laureano,0.39444444444444443,0.3076923076923077,0.41843971631205673,-0.11074740861974902
879,Randal Grichuk,0.435354273192111,0.3974358974358974,0.44654683065279094,-0.049110933216893526
880,Randall Delgado,0.0,0.0,0.0,0.0
881,Randy Rosario,0.5,0.0,0.5,-0.5
882,Ranger Suarez,0.0,0.0,0.0,0.0
883,Raudy Read,0.2727272727272727,0.0,0.42857142857142855,-0.42857142857142855
884,Reese McGuire,0.5454545454545454,1.0,0.4,0.6
885,Reid Brignac,0.27586206896551724,0.125,0.3333333333333333,-0.20833333333333331
886,Renato Nunez,0.3651877133105802,0.31666666666666665,0.3776824034334764,-0.06101573676680977
887,Reyes Moronta,0.0,0.0,0.0,0.0
888,Reynaldo Lopez,0.06666666666666667,0.0,0.07142857142857142,-0.07142857142857142
889,Rhys Hoskins,0.4330616996507567,0.41566265060240964,0.43722943722943725,-0.0215667866270276
890,Ricardo Pinto,0.0,0.0,0.0,0.0
891,Richard Urena,0.30978260869565216,0.4897959183673469,0.24444444444444444,0.2453514739229025
892,Richie Shaffer,0.3888888888888889,0.4,0.38636363636363635,0.013636363636363669
893,Rick Porcello,0.35294117647058826,0.0,0.35294117647058826,-0.35294117647058826
894,Rickie Weeks,0.3501577287066246,0.17475728155339806,0.43457943925233644,-0.25982215769893835
895,Ricky Nolasco,0.0,0.0,0.0,0.0
896,Rio Ruiz,0.24742268041237114,0.3617021276595745,0.2108843537414966,0.15081777391807788
897,Rob Brantly,0.4444444444444444,0.75,0.35714285714285715,0.39285714285714285
898,Rob Refsnyder,0.23243243243243245,0.20833333333333334,0.23825503355704697,-0.029921700223713626
899,Rob Scahill,0.0,0.0,0.0,0.0
900,Rob Segedin,0.28846153846153844,0.24,0.3037974683544304,-0.0637974683544304
901,Rob Zastryzny,0.16666666666666666,0.0,0.16666666666666666,-0.16666666666666666
902,Robbie Erlin,0.125,0.0,0.12903225806451613,-0.12903225806451613
903,Robbie Grossman,0.3287878787878788,0.24014336917562723,0.3525456292026897,-0.1124022600270625
904,Robbie Ray,0.20481927710843373,0.0,0.20481927710843373,-0.20481927710843373
905,Robert Andino,0.2916666666666667,0.5,0.2222222222222222,0.2777777777777778
906,Robert Gsellman,0.09375,0.0,0.0967741935483871,-0.0967741935483871
907,Robinson Cano,0.44287396937573614,0.415929203539823,0.4495952906548933,-0.0336660871150703
908,Robinson Chirinos,0.3864894795127353,0.3435897435897436,0.3983050847457627,-0.054715341156019115
909,Rocky Gale,0.3333333333333333,0.0,0.4444444444444444,-0.4444444444444444
910,Roenis Elias,0.5,0.0,0.5,-0.5
911,Roman Quinn,0.28773584905660377,0.2127659574468085,0.3090909090909091,-0.09632495164410057
912,Ronald Acuna Jr.,0.46613545816733065,0.4845360824742268,0.4617283950617284,0.02280768741249839
913,Ronald Guzman,0.3629976580796253,0.28440366972477066,0.389937106918239,-0.10553343719346836
914,Ronald Torreyes,0.3207236842105263,0.25735294117647056,0.3389830508474576,-0.08163010967098705
915,Rookie Davis,0.25,0.0,0.25,-0.25
916,Rosell Herrera,0.26158940397350994,0.3088235294117647,0.24786324786324787,0.06096028154851685
917,Ross Detwiler,0.0,0.0,0.0,0.0
918,Ross Stripling,0.0684931506849315,0.0,0.07352941176470588,-0.07352941176470588
919,Rowdy Tellez,0.589041095890411,0.6,0.5849056603773585,0.015094339622641506
920,Ruben Tejada,0.2376237623762376,0.15217391304347827,0.26282051282051283,-0.11064659977703456
921,Rusney Castillo,0.375,0.0,0.5,-0.5
922,Ryan Cordell,0.2,0.38461538461538464,0.1111111111111111,0.27350427350427353
923,Ryan Flaherty,0.24870466321243523,0.20512820512820512,0.26765799256505574,-0.06252978743685061
924,Ryan Goins,0.29336734693877553,0.26666666666666666,0.30220713073005095,-0.03554046406338429
925,Ryan Hanigan,0.26785714285714285,0.30952380952380953,0.25824175824175827,0.051282051282051266
926,Ryan Kalish,0.2,0.0,0.4,-0.4
927,Ryan LaMarre,0.32124352331606215,0.3673469387755102,0.3055555555555556,0.06179138321995464
928,Ryan Lavarnway,0.47368421052631576,1.0,0.2857142857142857,0.7142857142857143
929,Ryan Madson,0.0,0.0,0.0,0.0
930,Ryan O'Rourke,0.0,0.0,0.0,0.0
931,Ryan Raburn,0.32515337423312884,0.2375,0.35365853658536583,-0.11615853658536585
932,Ryan Rua,0.33094812164579607,0.25196850393700787,0.3541666666666667,-0.10219816272965881
933,Ryan Schimpf,0.3828996282527881,0.352,0.3922518159806295,-0.040251815980629546
934,Ryan Tepera,0.0,0.0,0.0,0.0
935,Ryan Vogelsong,0.043478260869565216,0.0,0.043478260869565216,-0.043478260869565216
936,Ryan Yarbrough,0.0,0.0,0.0,0.0
937,Ryder Jones,0.25882352941176473,0.3888888888888889,0.22388059701492538,0.16500829187396351
938,Rymer Liriano,0.2978723404255319,0.25,0.3142857142857143,-0.06428571428571428
939,Ryon Healy,0.42867281760113557,0.4506578947368421,0.42262443438914027,0.028033460347701822
940,Sal Romano,0.07142857142857142,0.0,0.07142857142857142,-0.07142857142857142
941,Salvador Perez,0.42327044025157234,0.4804804804804805,0.4081145584725537,0.0723659220079268
942,Sam Freeman,0.0,0.0,0.0,0.0
943,Sam Gaviglio,0.375,0.0,0.375,-0.375
944,Sam Travis,0.32786885245901637,0.24242424242424243,0.3595505617977528,-0.11712631937351037
945,Sammy Solis,0.0,0.0,0.0,0.0
946,Sandy Alcantara,0.0,0.0,0.0,0.0
947,Sandy Leon,0.3274336283185841,0.37142857142857144,0.31412103746397696,0.05730753396459448
948,Scooter Gennett,0.4236983842010772,0.4034090909090909,0.4291129643669447,-0.0257038734578538
949,Scott Alexander,0.0,0.0,0.0,0.0
950,Scott Feldman,0.025,0.0,0.02564102564102564,-0.02564102564102564
951,Scott Kazmir,0.1,0.0,0.10204081632653061,-0.10204081632653061
952,Scott Kingery,0.296218487394958,0.2169811320754717,0.31891891891891894,-0.10193778684344723
953,Scott Schebler,0.39642567018683994,0.3914590747330961,0.39789473684210525,-0.006435662109009144
954,Sean Gilmartin,2.0,0.0,2.0,-2.0
955,Sean Manaea,0.08333333333333333,0.0,0.08333333333333333,-0.08333333333333333
956,Sean Newcomb,0.0449438202247191,0.0,0.0449438202247191,-0.0449438202247191
957,Sean Reid-Foley,0.0,0.0,0.0,0.0
958,Seranthony Dominguez,0.0,0.0,0.0,0.0
959,Sergio Romo,0.0,0.0,0.0,0.0
960,Seth Lugo,0.2153846153846154,0.0,0.21875,-0.21875
961,Seth Maness,0.0,0.0,0.0,0.0
962,Seth Smith,0.37037037037037035,0.35664335664335667,0.3733133433283358,-0.016669986684979154
963,Seunghwan Oh,0.0,0.0,0.0,0.0
964,Severino Gonzalez,0.0,0.0,0.0,0.0
965,Shane Bieber,0.4,0.0,0.4,-0.4
966,Shane Carle,0.0,0.0,0.0,0.0
967,Shane Greene,0.0,0.0,0.0,0.0
968,Shane Peterson,0.3522727272727273,0.09523809523809523,0.43283582089552236,-0.33759772565742713
969,Shane Robinson,0.2,0.15,0.2125,-0.0625
970,Shawn O'Malley,0.2584745762711864,0.234375,0.26744186046511625,-0.033066860465116255
971,Shawn Tolleson,0.0,0.0,0.0,0.0
972,Shelby Miller,0.08333333333333333,0.0,0.08695652173913043,-0.08695652173913043
973,Sherman Johnson,0.0,0.0,0.0,0.0
974,Shin-Soo Choo,0.3548601864181092,0.3211920529801324,0.36333333333333334,-0.042141280353200916
975,Shohei Ohtani,0.49166666666666664,0.47619047619047616,0.4963768115942029,-0.02018633540372672
976,Silvino Bracho,0.0,0.0,0.0,0.0
977,Socrates Brito,0.2887323943661972,0.36666666666666664,0.26785714285714285,0.09880952380952379
978,Sonny Gray,0.0,0.0,0.0,0.0
979,Spencer Kieboom,0.273972602739726,0.1111111111111111,0.31092436974789917,-0.19981325863678806
980,Spencer Patton,0.0,0.0,0.0,0.0
981,Spencer Turnbull,0.0,0.0,0.0,0.0
982,Starlin Castro,0.3891094724900737,0.33798882681564246,0.40213523131672596,-0.0641464045010835
983,Starling Marte,0.3804347826086957,0.40522875816993464,0.37392795883361923,0.03130079933631541
984,Stefen Romero,0.2631578947368421,0.2857142857142857,0.25,0.0357142857142857
985,Stephen Cardullo,0.26373626373626374,0.125,0.31343283582089554,-0.18843283582089554
986,Stephen Drew,0.38405797101449274,0.3684210526315789,0.39226519337016574,-0.023844140738586816
987,Stephen Piscotty,0.39185905224787365,0.47752808988764045,0.3682170542635659,0.10931103562407457
988,Stephen Strasburg,0.1695906432748538,0.0,0.17058823529411765,-0.17058823529411765
989,Stephen Vogt,0.3684210526315789,0.26373626373626374,0.39755351681957185,-0.1338172530833081
990,Steve Cishek,0.2,0.0,0.2,-0.2
991,Steve Clevenger,0.27631578947368424,0.0625,0.3333333333333333,-0.2708333333333333
992,Steve Selsky,0.4126984126984127,0.3333333333333333,0.4375,-0.10416666666666669
993,Steven Baron,0.2,0.0,0.3333333333333333,-0.3333333333333333
994,Steven Brault,0.23255813953488372,0.0,0.2564102564102564,-0.2564102564102564
995,Steven Duggar,0.34210526315789475,0.3611111111111111,0.33620689655172414,0.02490421455938696
996,Steven Matz,0.16393442622950818,0.0,0.1652892561983471,-0.1652892561983471
997,Steven Moya,0.41,0.11764705882352941,0.46987951807228917,-0.3522324592487598
998,Steven Okert,0.0,0.0,0.0,0.0
999,Steven Souza Jr.,0.35914454277286134,0.30742049469964666,0.3727865796831314,-0.06536608498348473
1000,Stevie Wilkerson,0.22448979591836735,0.35714285714285715,0.17142857142857143,0.18571428571428572
1001,Stuart Turner,0.2247191011235955,0.21428571428571427,0.22950819672131148,-0.015222482435597207
1002,Taijuan Walker,0.27586206896551724,0.0,0.27586206896551724,-0.27586206896551724
1003,Tanner Roark,0.13170731707317074,0.5,0.12807881773399016,0.37192118226600984
1004,Taylor Featherston,0.24,0.0,0.34615384615384615,-0.34615384615384615
1005,Taylor Jungmann,0.125,0.0,0.125,-0.125
1006,Taylor Motter,0.2815533980582524,0.2268041237113402,0.2984126984126984,-0.0716085747013582
1007,Taylor Ward,0.30612244897959184,0.2222222222222222,0.325,-0.1027777777777778
1008,Teoscar Hernandez,0.4051841746248295,0.38666666666666666,0.4099485420240137,-0.02328187535734705
1009,Terrance Gore,0.06666666666666667,0.07692307692307693,0.0,0.07692307692307693
1010,Tim Adleman,0.18181818181818182,1.0,0.16666666666666666,0.8333333333333334
1011,Tim Beckham,0.36486486486486486,0.2596899224806202,0.3941684665226782,-0.134478544042058
1012,Tim Federowicz,0.36666666666666664,0.3125,0.39655172413793105,-0.08405172413793105
1013,Tim Locastro,0.2,0.0,0.2727272727272727,-0.2727272727272727
1014,Tim Melville,0.0,0.0,0.0,0.0
1015,Todd Frazier,0.36659064994298746,0.31733333333333336,0.3799854967367658,-0.06265216340343244
1016,Tom Koehler,0.07792207792207792,0.5,0.06666666666666667,0.43333333333333335
1017,Tom Wilhelmsen,0.0,0.0,0.0,0.0
1018,Tomas Nido,0.24,0.13043478260869565,0.2727272727272727,-0.14229249011857706
1019,Tomas Telis,0.2631578947368421,0.2857142857142857,0.2524271844660194,0.03328710124826628
1020,Tommy Hunter,0.0,0.0,0.0,0.0
1021,Tommy Joseph,0.4199772985244041,0.3140096618357488,0.45252225519287836,-0.13851259335712957
1022,Tommy Milone,0.13043478260869565,0.0,0.13636363636363635,-0.13636363636363635
1023,Tommy Pham,0.3957680250783699,0.4275092936802974,0.3872889771598808,0.04022031652041658
1024,Tony Cingrani,0.0,0.0,0.0,0.0
1025,Tony Cruz,0.25806451612903225,0.0,0.4,-0.4
1026,Tony Kemp,0.3012295081967213,0.21875,0.33055555555555555,-0.11180555555555555
1027,Tony Renda,0.19402985074626866,0.21052631578947367,0.1875,0.023026315789473673
1028,Tony Sipp,0.0,0.0,0.0,0.0
1029,Tony Watson,0.0,0.0,0.0,0.0
1030,Tony Wolters,0.2553495007132668,0.21142857142857144,0.26996197718631176,-0.058533405757740326
1031,Touki Toussaint,0.1,0.0,0.1,-0.1
1032,Travis Jankowski,0.2627906976744186,0.2169811320754717,0.2777777777777778,-0.060796645702306085
1033,Travis Taijeron,0.23728813559322035,0.14285714285714285,0.26666666666666666,-0.12380952380952381
1034,Travis Wood,0.5161290322580645,0.14285714285714285,0.625,-0.48214285714285715
1035,Travis d'Arnaud,0.35347432024169184,0.2857142857142857,0.37401574803149606,-0.08830146231721037
1036,Trayce Thompson,0.30973451327433627,0.34,0.30113636363636365,0.03886363636363638
1037,Trea Turner,0.3757262750161394,0.2973856209150327,0.39501206757843926,-0.09762644666340659
1038,Trevor Cahill,0.20689655172413793,0.0,0.24,-0.24
1039,Trevor Plouffe,0.3393124065769806,0.28205128205128205,0.3567251461988304,-0.07467386414754834
1040,Trevor Richards,0.05555555555555555,0.0,0.05555555555555555,-0.05555555555555555
1041,Trevor Rosenthal,0.0,0.0,0.0,0.0
1042,Trevor Story,0.4593769089798412,0.36231884057971014,0.4852941176470588,-0.12297527706734868
1043,Trey Mancini,0.4065040650406504,0.3488372093023256,0.4218106995884774,-0.0729734902861518
1044,Troy Scribner,0.0,0.0,0.0,0.0
1045,Troy Tulowitzki,0.37976190476190474,0.3559322033898305,0.3861236802413273,-0.030191476851496812
1046,Tucker Barnhart,0.3291326908821349,0.25609756097560976,0.3525954946131244,-0.09649793363751463
1047,Tuffy Gosewisch,0.19230769230769232,0.2692307692307692,0.17307692307692307,0.09615384615384615
1048,Ty Blach,0.20224719101123595,0.1,0.21518987341772153,-0.11518987341772152
1049,Tyler Bashlor,0.0,0.0,0.0,0.0
1050,Tyler Beede,0.0,0.0,0.0,0.0
1051,Tyler Chatwood,0.14492753623188406,0.5,0.13432835820895522,0.3656716417910448
1052,Tyler Cloyd,0.0,0.0,0.0,0.0
1053,Tyler Cravy,0.8,0.0,1.0,-1.0
1054,Tyler Duffey,0.0,0.0,0.0,0.0
1055,Tyler Flowers,0.35070140280561124,0.3524590163934426,0.35013262599469497,0.0023263903987476575
1056,Tyler Glasnow,0.18181818181818182,0.0,0.18181818181818182,-0.18181818181818182
1057,Tyler Goeddel,0.2264957264957265,0.15517241379310345,0.25,-0.09482758620689655
1058,Tyler Ladendorf,0.0784313725490196,0.06666666666666667,0.08333333333333333,-0.016666666666666663
1059,Tyler Lyons,0.0,0.0,0.0,0.0
1060,Tyler Mahle,0.11904761904761904,0.0,0.12195121951219512,-0.12195121951219512
1061,Tyler Naquin,0.3727422003284072,0.4015151515151515,0.36477987421383645,0.03673527730131504
1062,Tyler O'Neill,0.45774647887323944,0.5142857142857142,0.4392523364485981,0.07503337783711611
1063,Tyler Pill,0.0,0.0,0.0,0.0
1064,Tyler Saladino,0.3018867924528302,0.25766871165644173,0.3143350604490501,-0.056666348792608345
1065,Tyler Skaggs,0.0,0.0,0.0,0.0
1066,Tyler Wade,0.232,0.125,0.2823529411764706,-0.15735294117647058
1067,Tyrell Jenkins,0.0,0.0,0.0,0.0
1068,Tyson Ross,0.23404255319148937,0.0,0.25,-0.25
1069,Tzu-Wei Lin,0.26618705035971224,0.3953488372093023,0.20833333333333334,0.18701550387596896
1070,Ubaldo Jimenez,0.1111111111111111,0.0,0.1111111111111111,-0.1111111111111111
1071,Vance Worley,0.14814814814814814,0.0,0.14814814814814814,-0.14814814814814814
1072,Vicente Campos,0.0,0.0,0.0,0.0
1073,Victor Caratini,0.2889733840304182,0.2345679012345679,0.3131868131868132,-0.0786189119522453
1074,Vidal Nuno III,0.6666666666666666,1.0,0.0,1.0
1075,Vin Mazzaro,0.0,0.0,0.0,0.0
1076,Vince Velasquez,0.22123893805309736,1.0,0.21428571428571427,0.7857142857142857
1077,Wade LeBlanc,0.2,0.0,0.25,-0.25
1078,Wade Miley,0.21568627450980393,0.0,0.21568627450980393,-0.21568627450980393
1079,Walker Buehler,0.12727272727272726,0.0,0.12727272727272726,-0.12727272727272726
1080,Walker Lockett,0.0,0.0,0.0,0.0
1081,Wander Suero,0.0,0.0,0.0,0.0
1082,Wandy Peralta,0.0,0.0,0.0,0.0
1083,Warwick Saupold,0.0,0.0,0.0,0.0
1084,Wei-Yin Chen,0.08080808080808081,0.0,0.08163265306122448,-0.08163265306122448
1085,Welington Castillo,0.4120603015075377,0.413953488372093,0.4115384615384615,0.002415026833631484
1086,Wes Parsons,0.0,0.0,0.0,0.0
1087,Whit Merrifield,0.38072289156626504,0.36253776435045315,0.3852520692249812,-0.022714304874528024
1088,Wil Myers,0.3925346177001806,0.4064327485380117,0.3889310083396513,0.017501740198360427
1089,Wilfredo Boscan,0.3333333333333333,0.0,0.5,-0.5
1090,Will Middlebrooks,0.15714285714285714,0.25,0.12962962962962962,0.12037037037037038
1091,Will Venable,0.10526315789473684,0.6666666666666666,0.0,0.6666666666666666
1092,Williams Perez,0.0,0.0,0.0,0.0
1093,Willians Astudillo,0.4639175257731959,0.631578947368421,0.4230769230769231,0.20850202429149794
1094,Willie Calhoun,0.3103448275862069,0.21875,0.336283185840708,-0.11753318584070799
1095,Willson Contreras,0.37803030303030305,0.3089171974522293,0.3996023856858847,-0.0906851882336554
1096,Willy Adames,0.36335403726708076,0.36507936507936506,0.36293436293436293,0.0021450021450021284
1097,Willy Garcia,0.2773109243697479,0.19230769230769232,0.3010752688172043,-0.10876757650951199
1098,Wilmer Difo,0.2897727272727273,0.3076923076923077,0.283763277693475,0.02392902999883273
1099,Wilmer Flores,0.41406945681211044,0.49070631970260226,0.38992974238875877,0.10077657731384349
1100,Wilmer Font,0.0,0.0,0.0,0.0
1101,Wilson Ramos,0.4461805555555556,0.42738589211618255,0.45115257958287597,-0.023766687466693415
1102,Wily Peralta,0.21428571428571427,0.0,0.21428571428571427,-0.21428571428571427
1103,Xander Bogaerts,0.38114143920595533,0.3097560975609756,0.3993769470404984,-0.08962084947952281
1104,Xavier Scruggs,0.2753623188405797,0.16666666666666666,0.2982456140350877,-0.13157894736842105
1105,Yacksel Rios,0.0,0.0,0.0,0.0
1106,Yadiel Rivera,0.2096069868995633,0.19696969696969696,0.2147239263803681,-0.017754229410671146
1107,Yadier Molina,0.39283508338480544,0.3862928348909657,0.39445300462249616,-0.008160169731530442
1108,Yairo Munoz,0.37694704049844235,0.37623762376237624,0.37727272727272726,-0.0010351035103510209
1109,Yan Gomes,0.36230558096980786,0.4069767441860465,0.34850299401197604,0.05847375017407047
1110,Yandy Diaz,0.29900332225913623,0.22033898305084745,0.3181818181818182,-0.09784283513097072
1111,Yangervis Solarte,0.37947658402203854,0.36303630363036304,0.3838120104438642,-0.02077570681350116
1112,Yasiel Puig,0.41344873501997337,0.38328530259365995,0.4225108225108225,-0.039225519917162555
1113,Yasmani Grandal,0.3873697916666667,0.35014005602240894,0.3986429177268872,-0.04850286170447826
1114,Yasmany Tomas,0.45515394912985274,0.38461538461538464,0.4757785467128028,-0.09116316209741815
1115,Yefri Perez,1.0,1.0,0.0,1.0
1116,Yefry Ramirez,0.0,0.0,0.0,0.0
1117,Yency Almonte,0.0,0.0,0.0,0.0
1118,Yoan Moncada,0.32286995515695066,0.22777777777777777,0.34691011235955055,-0.11913233458177278
1119,Yoenis Cespedes,0.4618434093161546,0.35609756097560974,0.48880597014925375,-0.13270840917364402
1120,Yohan Flande,0.0,0.0,0.0,0.0
1121,Yohander Mendez,0.0,0.0,0.0,0.0
1122,Yonder Alonso,0.3800123380629241,0.403954802259887,0.3733228097868982,0.03063199247298881
1123,Yonny Chirinos,0.0,0.0,0.0,0.0
1124,Yordano Ventura,0.3333333333333333,0.0,0.3333333333333333,-0.3333333333333333
1125,Yoshihisa Hirano,0.0,0.0,0.0,0.0
1126,Yovani Gallardo,0.3,0.0,0.3,-0.3
1127,Yu Darvish,0.17073170731707318,0.0,0.17073170731707318,-0.17073170731707318
1128,Yuli Gurriel,0.4164859002169197,0.3745704467353952,0.42765567765567764,-0.053085230920282445
1129,Yunel Escobar,0.35189075630252103,0.3352601156069364,0.355584082156611,-0.02032396654967461
1130,Yusmeiro Petit,0.14285714285714285,0.0,0.25,-0.25
1131,Zach Duke,0.0,0.0,0.0,0.0
1132,Zach Eflin,0.18947368421052632,0.3333333333333333,0.18478260869565216,0.14855072463768115
1133,Zach Lee,0.0,0.0,0.0,0.0
1134,Zach Neal,0.0,0.0,0.0,0.0
1135,Zach Vincej,0.17647058823529413,0.16666666666666666,0.18181818181818182,-0.015151515151515166
1136,Zach Walters,0.0,0.0,0.0,0.0
1137,Zack Cozart,0.37898089171974525,0.292,0.40059642147117297,-0.10859642147117299
1138,Zack Godley,0.050359712230215826,0.5,0.043795620437956206,0.4562043795620438
1139,Zack Greinke,0.2376237623762376,0.2,0.23857868020304568,-0.03857868020304567
